                 0.3 0 0 0 -9.64602e-05  1.73001e-08  1.41593e-05 0 0 0 0 0 0 0.000305155 1.31645e-06 0.000228967  3.82664e-06 -1.81246e-06 -5.75547e-06 0 0 0  -0.00144424 -6.36842e-06       -9.809 
                 0.4  0.359665 -0.569607   0.97118 0.00877043  0.0230048 0.00605122  6.40434e-06 -7.10418e-06   9.7202e-06 1.29379e-07 2.41505e-07  5.3839e-08 -0.0260393 -0.0140387 0.00146187  3.62958e-06 -1.57652e-06 -6.10171e-06 -2.52771e-07  -4.9313e-07 -1.14784e-07    -0.001444 -5.89397e-06       -9.809 
                 0.5   0.14616 -0.414326  0.985624 0.00269614  0.0217026  0.0255185 8.50652e-06 1.47209e-05 1.04855e-05  1.29187e-07  1.95572e-07 -1.40838e-07 -0.0464516 -0.0127268  0.0968147  0.000676728 -0.000497381 -5.30985e-05   3.6838e-06 -9.03047e-07 -2.46287e-05  -0.00144784 -5.54043e-06       -9.809 
                 0.6  0.133388 -0.428729   0.91927 0.00308231  0.0204472   0.020712 -0.000793616  -0.00166021  1.94103e-05 -1.14203e-06 -1.05653e-06 -3.77249e-07 -0.033686 -0.015092 0.0414792   0.00067885 -0.000441441  0.000170785 -0.000292913  0.000141293  0.000472077  -0.00115614 -0.000135341       -9.809 
                 0.7  0.315653 -0.263625  0.988242 0.00317909  0.0245782  0.0114792  0.00170524 -0.00663019  1.2953e-05   2.8785e-07 -6.89076e-06  -1.0746e-06  -0.0250885 -0.00424434 0.000534877 -3.66506e-05 -0.000978848 -7.14738e-05 -0.00117735 -0.00030343  0.00192638 -0.000301577  0.000311386       -9.809 
                 0.8  0.147043 -0.304888   0.94906 0.00294877    0.02361  0.0125231 0.000779872  -0.0131152 1.36472e-05  3.33739e-07 -6.82931e-06 -1.94719e-06  -0.0228711 -0.00676708  0.00302403  0.000529154 -0.000772953  5.44279e-05  -0.00233201 -0.000139099   0.00181692 0.000810878 0.000171476      -9.809 
                 0.9   0.26549 -0.245805  0.934585 0.00208443  0.0238623  0.0100037  0.00286491  -0.0202525 1.11851e-05 -4.59809e-08 -7.40691e-06 -2.41038e-06  -0.0214896 -0.00972703 -0.00432851  0.000106278 -0.000921438  9.74579e-05  -0.00360099 -0.000510266   0.00306879  0.00203309 0.000553364      -9.809 
                   1  0.212379 -0.190618  0.978628 0.00183808  0.0220543 0.00974472   -0.001152  -0.0323662 1.77077e-05 -1.72262e-07 -7.82121e-06 -2.56778e-06  -0.0174018  -0.0147543 -0.00415059   0.00028858  -0.00103004 -4.57041e-05 -0.00575679 0.000204874  0.00313827   0.00411827 -9.96447e-05       -9.809 
                 1.1 0.0846796 -0.258646  0.943695 0.00513888   0.019477  0.0147764 -0.00515349  -0.0673542 2.84323e-05  2.20088e-06 -9.71321e-06  -5.6631e-06 -0.00592893  -0.0172109  0.00774563  0.000722782 -0.000657472  6.09486e-05  -0.0119906  0.00091614 -0.00245804     0.010097 -0.000704087     -9.80899 
                 1.2 0.0730814  -0.13041  0.882712 0.00489643  0.0188095  0.0158936 0.00196156 -0.0690395 1.5695e-05  1.79319e-06 -9.71375e-06 -5.28804e-06 -0.00336944  -0.0153417  0.00898292 0.000724025 -0.00103056 0.000247088   -0.0122912 -0.000350486   -0.0030633   0.0103631 0.000516728    -9.80899 
                 1.3 0.0784608 -0.395335  0.958758 0.00681412  0.0188016  0.0140796   0.0100772  -0.0867741 7.27373e-06 -8.61576e-07 -1.00885e-05 -7.87293e-06 -0.00195905  -0.0131048  0.00319365 0.000661496 -0.00016696  1.4009e-05  -0.0154443 -0.00179345  0.00110917  0.0133888 0.00196776   -9.80899 
                 1.4 0.0906718 -0.357912  0.939821 0.00318988   0.017353  0.0150079  0.0103556 -0.0673303 1.1806e-05 -6.49711e-07  -9.8015e-06 -7.12826e-06 -0.0131721 -0.0143662 0.00472787  0.00061407 -0.00032354 6.82896e-05  -0.0119848 -0.00184308 1.66307e-05  0.0100579 0.00195894   -9.80899 
                 1.5 -0.142309 -0.232761   1.03253  0.004434 0.0152798 0.0147248 0.00445378 -0.0809586 3.7806e-05 -3.24053e-07 -1.00315e-05  -5.5805e-06 -0.00644756  -0.0120389  0.00285508   0.00130046 -0.000649163 -0.000202654   -0.0144068 -0.000792448   0.00148659   0.0124076 0.000988923    -9.80899 
                 1.6 0.0898684 -0.229586  0.979145 0.00437755  0.0187463 0.00585088    0.0279622   -0.0843311 -6.97495e-05  1.98162e-06 -1.56011e-05 -7.16492e-06 -0.00540766 -0.00467193  -0.0185098  0.000557097 -0.000637027 -4.42451e-05  -0.0149772 -0.00497659   0.0164985  0.0129435 0.00504674   -9.80899 
                 1.7 0.0328548 -0.294776  0.904209 0.00136569  0.0200234 0.00388718    0.0354505   -0.0743859 -0.000107426  1.06161e-06 -1.68471e-05 -7.92289e-06  -0.0134025 0.000444884   -0.020059  0.000693035 -0.000461001  0.000166978 -0.0132061 -0.0063096  0.0165934  0.0112207 0.00630073   -9.80899 
                 1.8  0.0561682 -0.0805721   0.985382 0.00432291  0.0233911 0.00734694    0.0483274   -0.0909335 -0.000168079 -4.04551e-06 -1.56184e-05 -3.16243e-06 -0.000153295    0.0092203  -0.00856362  0.000584492  -0.00102467 -5.71956e-05  -0.0161745 -0.00860522  0.00817059 0.0140089 0.0085561  -9.80899 
                 1.9   0.213027 -0.0658928   0.946873 0.00489955  0.0258781 0.00678471    0.0549175   -0.0928925 -0.000203369  -4.4653e-06 -1.48267e-05 -4.51043e-06  0.00354768   0.0101898 -0.00830734  0.00013165 -0.00104916 5.03381e-05  -0.0165247 -0.00978146  0.00763309  0.0143249 0.00969356   -9.80898 
                   2  0.117143 -0.219225  0.966612 0.00709911  0.0252319 0.00595819     0.049063   -0.0996491 -0.000139767  -4.9089e-06 -1.45473e-05 -5.94746e-06  0.00714782  0.00672669 -0.00898335  0.000400418 -0.000609522 -4.01062e-06   -0.017732 -0.00873481  0.00760215  0.0155013 0.00870839   -9.80898 
                 2.1  0.122559 -0.378169  0.963964 0.0116406 0.0237714 0.0057768    0.0425553    -0.112196 -3.60921e-05 -4.74968e-06  -1.4283e-05 -1.21241e-05   0.0129135  0.00123374 -0.00807818  0.000392057 -0.000152342  4.19873e-06   -0.019979 -0.00757196  0.00666186  0.0176774 0.00763338   -9.80898 
                 2.2 0.0142915 -0.361187  0.899934 0.00766083  0.0208367 0.00699202    0.0337908   -0.0976685 -4.17301e-05 -3.16639e-06 -1.74966e-05 -1.15622e-05 -0.000415287  -0.00315181  -0.00429092  0.000680882 -0.000218034  0.000167979  -0.0173855 -0.00600679  0.00436273  0.0152161 0.00608207   -9.80899 
                 2.3 0.0952794  -0.29357  0.956034 0.00533588   0.021086 0.00780257    0.0356363   -0.0917668 -9.45599e-05 -3.68565e-06   -1.713e-05 -1.23656e-05 -0.00744887 -0.00252656 -0.00218019  0.000454313 -0.000399566  1.96188e-05  -0.0163337 -0.00634034  0.00294575  0.0142002 0.00638235   -9.80899 
                 2.4   0.102215 -0.0653035   0.920159 0.00390463  0.0208313  0.0103481    0.0357432   -0.0892244 -0.000116141 -7.94506e-06 -1.71161e-05 -1.41546e-05 -0.00634639 -0.00243151  0.00488424  0.000426598 -0.000968284  0.000109171  -0.0158885 -0.00636399 9.97063e-05    0.01377 0.00639877   -9.80899 
                 2.5 0.163573 -0.18496 0.981322 0.0061072 0.0217483 0.0122567    0.0385668   -0.0960785 -9.99427e-05 -7.96461e-06 -1.77482e-05 -1.33399e-05  -0.0015686 -0.00157154  0.00722071  0.000259074 -0.000653672  -4.6052e-05  -0.0171207 -0.00687141 -0.00134667  0.0149401 0.00690961   -9.80899 
                 2.6  0.159108 -0.188931  0.940663 0.00556006  0.0218477  0.0137123    0.0392695   -0.0951948 -0.000111766 -8.06967e-06 -1.77291e-05 -1.33948e-05 -0.00288522 -0.00206215   0.0102232  0.000264479 -0.000637307  5.58645e-05  -0.0169644 -0.00699825 -0.00200074  0.0147878 0.00702874   -9.80899 
                 2.7  0.247607 -0.393102  0.968395 0.00691519  0.0215492  0.0125579   0.0395144  -0.0994615 -8.0294e-05  -9.8486e-06 -1.87239e-05 -1.55802e-05 -0.00440845 -0.00611827  0.00516047  4.53465e-05 -0.000117376 -1.42486e-05   -0.017723 -0.00703895 -0.00025115  0.0155132 0.00708119   -9.80899 
                 2.8 -0.0283983  -0.363294   0.981221 0.00646272   0.020674  0.0108051    0.0381876   -0.0995592 -6.87177e-05  -1.0584e-05 -1.53323e-05 -1.65779e-05 -0.00702214  -0.0035312 0.000429449  0.000720615 -0.000192172 -4.51643e-05  -0.0177374 -0.00679874  0.00161761  0.0155306 0.00685335   -9.80899 
                 2.9  0.13417 -0.23719 0.959442 0.00511493  0.0217673  0.0102827     0.041349   -0.0981125 -8.49856e-05 -1.07703e-05 -1.50996e-05 -1.69882e-05   -0.0086868  -0.00247853 -0.000648495    0.0003161 -0.000495053  7.93193e-06  -0.0174781 -0.00736145   0.0019861  0.0152722 0.00738725   -9.80899 
                   3  0.183192 -0.310387  0.902572 0.00545809  0.0228306 0.00756183    0.0438617    -0.100604 -7.63741e-05 -1.11615e-05 -1.49242e-05 -1.69982e-05  -0.0079815 -0.00209014 -0.00708592   0.00019493 -0.000314589  0.000142531  -0.0179205 -0.00780616  0.00392333  0.0156898 0.00782397   -9.80898 
                 3.1  0.112395 -0.247903  0.917039 0.00371429  0.0215134  0.0112036    0.0419612   -0.0990121 -7.66192e-05 -1.32074e-05 -1.62726e-05 -1.80721e-05  -0.0115122 -0.00352745  0.00221193  0.000356926 -0.000456927  0.000106679  -0.0176369   -0.007473 0.000905324  0.0154182 0.00749468   -9.80899 
                 3.2  0.119057 -0.272774  0.930128  0.0041384  0.0205049 0.00995655    0.0408706    -0.101705 -6.29579e-05 -1.31341e-05 -1.61562e-05 -1.77835e-05  -0.00970393  -0.00584444 -0.000883132   0.00033999 -0.000397125  7.52057e-05  -0.0181178 -0.00727591  0.00192899  0.0158842 0.00731725   -9.80898 
                 3.3  0.509927 -0.404582  0.939719 0.00447571  0.0252503 0.00821537    0.0506546    -0.104397 -6.19027e-05 -1.2609e-05 -1.6744e-05 -3.0908e-05  -0.0111826 -0.00457195 -0.00392201 -0.000572058 -8.75094e-05  5.16047e-05  -0.0185986 -0.00902229  0.00287037  0.0163159 0.00899567   -9.80898 
                 3.4  0.104338 -0.366951  0.861089 0.00800717  0.0206239 0.00946663  0.0434004  -0.111891 4.7977e-05 -1.06581e-05 -1.41556e-05 -3.74409e-05 -0.00354082  -0.0104635 -0.00121076  0.000362493 -0.000153974  0.000229155 -0.0199431 -0.0077264 0.00195221  0.0176161 0.00777732   -9.80898 
                 3.5  0.100799 -0.383755  0.925064 0.00774598  0.0205912 0.00962166   0.0449091   -0.112247 4.52305e-05  -1.0442e-05 -1.44524e-05 -3.64179e-05 -0.00636181 -0.00845975 -0.00073441  0.000362095 -0.000115349  8.38415e-05  -0.0200071 -0.00799691  0.00176548  0.0176722 0.00803511   -9.80898 
                 3.6  0.228253 -0.357528  0.975173 0.00788669  0.0219616 0.00818539    0.048399   -0.113518 3.81063e-05 -9.19537e-06 -1.48147e-05 -3.63289e-05 -0.00692284  -0.0070186 -0.00342309  7.14518e-05 -0.000170398 -2.69667e-05  -0.0202348 -0.00862036  0.00252887  0.0178854 0.00863721   -9.80898 
                 3.7  0.332713 -0.380212  0.945946 0.00839117  0.0212641 0.00588303   0.0488046   -0.115415 5.13241e-05 -8.83736e-06 -1.59334e-05 -3.59002e-05  -0.0071883  -0.0118129 -0.00746694 -0.000155451 -0.000115699  3.68584e-05  -0.0205744 -0.00869082   0.0036294  0.0182158 0.00871631   -9.80898 
                 3.8    0.334747 -0.00768994    0.958911 0.00533261  0.0218395 0.00668542   0.0514057   -0.111329 3.19301e-06 -1.31516e-05 -1.53164e-05 -4.46021e-05 -0.00668778  -0.0111075 -0.00451269 -0.000163435 -0.000923071  1.27014e-05  -0.0198408 -0.00916039  0.00272265  0.0175034 0.00914589   -9.80898 
                 3.9  0.226119 -0.132023  0.975945 0.00323506  0.0214874 0.00923511    0.0524312    -0.109538 -1.94624e-05 -1.48866e-05 -1.67636e-05 -4.40694e-05 -0.00988355  -0.0100662  0.00122863  6.57941e-05 -0.000652404 -2.52124e-05    -0.01952 -0.00934851  0.00110591  0.0171826 0.00930391   -9.80898 
                   4 -0.0419094  -0.034417   0.931849 0.00153285  0.0211536  0.0100045    0.0527327    -0.108264 -2.87167e-05 -1.54095e-05  -1.7784e-05 -4.36335e-05 -0.00848143 -0.00418891   0.0023405  0.000627361 -0.000852412  6.78597e-05  -0.0192914 -0.00940323 0.000797364 0.0169624 0.0093486  -9.80898 
                 4.1  0.220034 -0.195366  0.955941 0.00206112  0.0225969 0.00901273    0.0554679    -0.110208 -2.30322e-05  -1.5792e-05 -1.77969e-05 -4.51461e-05 -0.00663395 -0.00434713  2.8398e-05  7.22099e-05 -0.000505508  1.68504e-05  -0.0196409 -0.00989425  0.00139681  0.0172873 0.00982852   -9.80898 
                 4.2  0.115005 -0.255033  0.931584 0.00310801   0.022986 0.00924943    0.0562718    -0.112428 -2.80531e-06   -1.573e-05 -1.74638e-05 -4.72679e-05 -0.00427795 -0.00194419 0.000407386  0.000286074 -0.000374399  6.65721e-05 -0.0200413 -0.0100397 0.00128481  0.0176647 0.00997384   -9.80898 
                 4.3  0.345066 -0.219224  0.940851 0.00601887  0.0240492 0.00928379   0.0581948    -0.11637 4.97337e-06 -1.58546e-05 -1.65182e-05 -5.09907e-05   0.0028522 -0.00466299 0.000554109 -0.000187198  -0.00043775  4.77633e-05  -0.020752 -0.0103862 0.00123257 0.0183327 0.0103182  -9.80898 
                 4.4   0.169253 -0.0981585   0.927648 0.00351978  0.0223964    0.01149    0.0567557     -0.11272 -3.92321e-05 -1.63554e-05 -1.72584e-05 -5.23174e-05 -0.000240194  -0.00602826   0.00466074  0.000169046 -0.000678319  7.41653e-05  -0.0200946    -0.01013 0.000236914 0.0177224 0.0100533  -9.80898 
                 4.5  0.195988 -0.351086  0.933095 0.00375882  0.0223749  0.0108498    0.0574763    -0.113462 -3.54723e-05 -1.76648e-05 -1.72278e-05 -5.28648e-05 -0.00377013 -0.00657688  0.00249257  0.000113458 -0.000171038  6.09599e-05  -0.0202278  -0.0102579 0.000752859 0.0178412 0.0101812  -9.80898 
                 4.6  0.346668 -0.218649  0.944347 0.00579608  0.0232067  0.0120462    0.0593912     -0.11596 -3.60007e-05 -1.77629e-05 -1.64432e-05 -5.39993e-05  0.00200822 -0.00800799  0.00446177 -0.000187361 -0.000427225  3.96709e-05  -0.0206794  -0.0106043 0.000298803 0.0182657 0.0105157  -9.80898 
                 4.7 0.0136692 -0.209143  0.968944 0.00428234  0.0220054  0.0133723    0.0585272    -0.114038 -6.76597e-05 -1.79932e-05 -1.65941e-05 -5.49173e-05 -0.00158649 -0.00454004  0.00612156  0.000464532 -0.000444736 -9.02826e-06  -0.0203326  -0.0104499 -6.3785e-05 0.0179446 0.0103597  -9.80898 
                 4.8  0.036201 -0.325522  0.940064 0.00589713  0.0223023  0.0154753    0.0592341    -0.116115 -5.56325e-05 -1.72331e-05 -1.72962e-05 -5.52925e-05 -0.000865157  -0.00179304   0.00908833  0.000414679 -0.000213387  4.68363e-05   -0.0207091   -0.0105804 -0.000702921 0.0183025 0.0104861  -9.80898 
                 4.9 -0.153982 -0.174412  0.968526 0.0053379 0.0195289 0.0160123   0.0562027   -0.115326 -2.4875e-05 -1.69046e-05 -1.62531e-05 -6.02007e-05 -0.000106668  -0.00141885   0.00825894  0.000777338 -0.000500755 -8.56378e-06   -0.0205656   -0.0100322 -0.000502457  0.0181782 0.00996657   -9.80898 
                   5  0.169905 -0.203426  0.960946 0.00540419  0.0202691 0.00810393    0.0574664    -0.115418 -4.51288e-05 -1.45936e-05 -2.55371e-05 -5.85798e-05 -0.000242864  -0.00455144   -0.0169362   0.00015886 -0.000439172  5.95378e-06 -0.0205743 -0.0102467 0.00301249 0.0181609 0.0101737  -9.80898 
                 5.1 0.0622308 -0.178029  0.956292 0.00597081  0.0202069 0.00546099    0.0576754     -0.11592 -4.29775e-05 -1.42908e-05 -2.56401e-05  -5.8244e-05  0.00158522 -0.00231709  -0.0190043 0.000358834 -0.00048544   1.471e-05 -0.0206648  -0.010283 0.00338805 0.0182432 0.0102086  -9.80898 
                 5.2  0.165211 -0.287814  0.923119 0.00572267  0.0215923 0.00566064    0.0592903    -0.115709 -6.07118e-05 -1.38815e-05 -2.39948e-05 -5.97143e-05 -0.000958167 -0.000119095   -0.0155933   0.00016104 -0.000278065  7.57133e-05 -0.0206259 -0.0105863 0.00255403 0.0182035 0.0104992  -9.80898 
                 5.3   0.109174 -0.0580727   0.977918 0.00374459  0.0216039 0.00282967    0.0592712    -0.113586 -9.09555e-05 -1.24515e-05 -2.38079e-05 -6.24934e-05 -0.00122355 0.000492709  -0.0177533  0.000262319 -0.000699221 -2.50504e-05 -0.0202271 -0.0105815 0.00306609 0.0178265 0.0104802  -9.80898 
                 5.4 0.0606569 0.0011965  0.985017 0.00247244  0.0211434 0.00258524    0.0587355    -0.112287 -0.000107362 -1.38313e-05  -2.3735e-05 -6.41165e-05 -0.000175171    0.0012456   -0.0150548  0.000347831 -0.000805805 -3.78012e-05 -0.0199834 -0.0104844   0.002493 0.0176035 0.0103882  -9.80898 
                 5.5 0.0166726 -0.265566  0.998881 0.00248191  0.0208079 0.00572298    0.0581931    -0.112555 -0.000109304 -1.03016e-05 -2.50712e-05 -6.35673e-05 -0.00332177  0.00296949 -0.00638653   0.00042257 -0.000318161  -6.2825e-05  -0.0200378  -0.0103912 0.000804466 0.0176703 0.0103193  -9.80898 
                 5.6  0.083554 -0.171022  0.996264 0.00429004  0.0219271 0.00554566    0.0588849    -0.114257 -9.52317e-05  -1.0395e-05 -2.49195e-05  -6.4048e-05  0.00224223  0.00473588 -0.00547244  0.000297889 -0.000482418 -5.72229e-05  -0.0203571  -0.0105216 0.000630063 0.0179676 0.0104527  -9.80898 
                 5.7  0.201088 -0.110855  0.947272  0.0045002    0.02291 0.00671759    0.0594631    -0.114083 -0.000101296 -1.12913e-05 -2.34466e-05 -6.47824e-05  0.00393571  0.00403807 -0.00205778  8.57458e-05 -0.000584923  3.02548e-05  -0.0203256  -0.0106322 9.40718e-07 0.0179428  0.010563  -9.80898 
                 5.8 -0.0273626  -0.345588    0.96402 0.00505248  0.0220485 0.00791068    0.0581177    -0.114466 -8.68015e-05 -1.01026e-05  -2.3864e-05 -6.65936e-05  0.00045095   0.0054941 0.000595074  0.000486772 -0.000168009 -9.73455e-08   -0.0203973   -0.0103839 -0.000466425 0.0180235 0.0103395  -9.80898 
                 5.9  0.114364 -0.325603  0.914654 0.00584047  0.0232352 0.00961119  0.0587291   -0.11511 -9.055e-05 -9.69878e-06 -2.26882e-05 -6.72977e-05 0.000216475  0.00616946  0.00401861   0.00023484 -0.000197573  8.57261e-05  -0.0205172  -0.0104991 -0.00105541 0.0181394  0.010458  -9.80898 
                   6  0.234912 -0.329393  0.938135 0.00576356  0.0242257  0.0113735    0.0591968    -0.115077 -9.64161e-05  -9.4948e-06  -2.1423e-05 -6.79859e-05 -0.0021125 0.00457797 0.00686982  2.39091e-05 -0.000190065  4.44853e-05  -0.0205123  -0.0105868 -0.00152916 0.0181373 0.0105453  -9.80898 
                 6.1  0.243595 -0.346644  0.938642 0.00680643  0.0241144 0.00978319    0.0588313    -0.116178 -7.35489e-05 -9.65494e-06 -2.25864e-05 -6.75772e-05 -0.00167972 0.000887569  0.00260284   1.0023e-05 -0.000160889   4.3091e-05   -0.0207118   -0.0105168 -0.000763421 0.0183192 0.0104778  -9.80898 
                 6.2  0.308912 -0.234367  0.918134 0.00852188  0.0263936 0.00900004   0.0606284   -0.117589 -7.6105e-05 -9.44443e-06 -2.29045e-05 -6.68172e-05  0.00268079   0.0018259 0.000821075 -0.000102116  -0.00034758  7.84118e-05   -0.0209683   -0.0108428 -0.000438946 0.0185472 0.0107844  -9.80898 
                 6.3  0.181635 -0.241165  0.955547 0.00999297  0.0247282 0.00952225  0.0591481  -0.118494 -4.391e-05 -9.95818e-06 -2.30656e-05 -6.73169e-05  0.00463461 -0.00197237  0.00156737  0.000113735 -0.000332537  1.48443e-05  -0.0211329  -0.0105733 -0.00054994 0.0187069 0.0105393  -9.80898 
                 6.4 0.112241 -0.30866 0.985187 0.00890361  0.0232196 0.00915515    0.0581393    -0.117381 -5.38359e-05 -1.05345e-05 -2.18638e-05 -6.88732e-05 0.000309893 -0.00410319  0.00128415  0.000229143 -0.000222365 -3.50579e-05   -0.0209297    -0.010389 -0.000363423 0.0185232 0.0103652  -9.80898 
                 6.5 0.0454814  -0.29012  0.944584 0.00616416  0.0205056  0.0100336   0.0564251   -0.115344 -6.3507e-05  -1.0673e-05 -2.24898e-05 -7.21222e-05 -0.00609641 -0.00692478  0.00280871 0.000336276 -0.00025315 3.00186e-05    -0.02056  -0.0100779 -0.00059158 0.0181865 0.0100689  -9.80898 
                 6.6  0.195506 -0.269354  0.934113 0.00618981  0.0225443  0.0122596    0.0585494    -0.115897 -8.05754e-05 -1.15145e-05 -2.14645e-05 -7.27857e-05 -0.00617108 -0.00337563  0.00647988  8.98395e-05 -0.000283357  4.66617e-05  -0.0206616  -0.0104671 -0.00121948 0.0182684 0.0104269  -9.80898 
                 6.7  0.232395 -0.217049  0.949436 0.00458311  0.0212481 0.00926814    0.0579668    -0.115063 -8.54571e-05 -9.85516e-06 -2.27405e-05 -7.27775e-05  -0.00781078  -0.00798226 -0.000287852   3.2521e-05 -0.000359392   2.2782e-05   -0.0205066   -0.0103562 -0.000116092 0.0181356  0.010327  -9.80898 
                 6.8  0.280119 -0.200019  0.979589 0.00660342  0.0227954 0.00812063    0.0596544    -0.117028 -7.83942e-05 -8.99807e-06 -2.36356e-05  -7.2746e-05 -0.00123087 -0.00633176 -0.00171582 -4.43407e-05 -0.000383481 -2.45351e-05 -0.0208648 -0.0106626 0.00017163 0.0184617 0.0106189  -9.80898 
                 6.9  0.157725 -0.205957  0.952692 0.00764765  0.0227283 0.00867214    0.0599466    -0.117804 -6.89136e-05 -9.20909e-06 -2.37614e-05 -7.22631e-05  0.00186088 -0.00468741 -0.00173942  0.000138764 -0.000371347  1.56821e-05   -0.0210083   -0.0107174 -5.54647e-05 0.0185911 0.0106708  -9.80898 
                   7  0.102221 -0.344234  0.950882 0.00741954  0.0217902 0.00802695    0.0595886    -0.117678 -6.63783e-05 -9.62504e-06  -2.3438e-05 -7.23587e-05 -0.00186693 -0.00512939  -0.0026572  0.000226278 -0.000145657  1.76995e-05  -0.0209844  -0.0106506 8.89942e-05 0.0185711 0.0106102  -9.80898 
                 7.1   0.01693 -0.195949  0.965034 0.00521304  0.0189067 0.00984295    0.0579604    -0.116156 -4.50805e-05 -1.04661e-05 -2.49243e-05 -7.53422e-05 -0.00455186 -0.00710112  0.00136224  0.000359485  -0.00037875 -5.11431e-06   -0.0207054   -0.0103528 -0.000481334   0.01832 0.0103244  -9.80898 
                 7.2 0.0586265 -0.202518   0.94834 0.00554157  0.0188483  0.0091801   0.0583653   -0.116674 -4.7707e-05 -1.03714e-05  -2.4655e-05 -7.50126e-05 -0.00305964  -0.0053573 -0.00123913  0.000290963 -0.000363374  2.11014e-05   -0.0208005   -0.0104269 -0.000278667 0.0184058 0.0103964  -9.80898 
                 7.3 0.0485013 -0.172703  0.967158 0.00503757  0.0187095  0.0100632   0.0585745   -0.116467 -5.3275e-05 -1.05926e-05 -2.46898e-05 -7.51848e-05 -0.00235777 -0.00310263 0.000861706  0.000303176  -0.00041192 -8.24921e-06   -0.0207633   -0.0104673 -0.000554278 0.0183707 0.0104316  -9.80898 
                 7.4 0.0147383 -0.166022   0.95894 0.00452467  0.0198306  0.0105021    0.0593812    -0.116237 -6.95121e-05 -1.06892e-05  -2.4707e-05 -7.51822e-05 -0.00189797  0.00175827  0.00176916  0.000350966 -0.000415052  4.47256e-06   -0.0207207   -0.0106188 -0.000655943 0.0183284 0.0105695  -9.80898 
                 7.5 0.0802171 -0.288039  0.863513 0.00623293  0.0200163  0.0116477    0.0593942    -0.117561 -5.85694e-05 -1.01078e-05 -2.29478e-05 -7.69126e-05 0.00023656 0.00198735  0.0037608  0.000248204 -0.000219048  0.000150109   -0.0209708    -0.010623 -0.000905204 0.0185574 0.0105818  -9.80898 
                 7.6  0.152303 -0.249355  0.985871 0.00567804  0.0223522 0.00697155    0.0607722    -0.117201 -9.37093e-05 -1.02812e-05 -2.59927e-05 -7.83192e-05 -0.000816395   0.00423735  -0.00558703  0.000134966 -0.000275231 -3.66603e-05  -0.0208967  -0.0108764 0.000397064 0.0184768 0.0107978  -9.80898 
                 7.7  0.352661 -0.405857  0.937447  0.0078703  0.0217738 0.00688079    0.0604079    -0.118782 -6.24618e-05 -9.91359e-06 -2.55543e-05 -7.99215e-05 4.38599e-05 -0.00301736 -0.00472588 -0.000167144  -3.4027e-05  3.56286e-05  -0.0211933  -0.0108094 0.000283345 0.0187483 0.0107447  -9.80898 
                 7.8  0.172066 -0.310856  0.918673 0.00601752  0.0212661 0.00623367    0.0601968    -0.117603 -8.58246e-05 -9.69095e-06 -2.54212e-05 -7.96652e-05 -0.00423781 -0.00274043  -0.0050749 0.000104302 -0.00017612 6.38237e-05 -0.0209716 -0.0107698 0.00034047 0.0185477 0.0107034  -9.80898 
                 7.9  0.112969 -0.120717  0.900558 0.00499032  0.0208547 0.00650337    0.0600697    -0.117033 -8.74528e-05 -1.06824e-05 -2.60328e-05 -8.07532e-05 -0.00245468 -0.00207753 -0.00351047   0.00019113 -0.000456108  9.07593e-05  -0.020866 -0.0107471 0.00014045 0.0184525  0.010682  -9.80898 
                   8  0.125722 -0.305907  0.949212 0.00537656  0.0213971 0.00684081   0.0605078   -0.117564 -8.6958e-05 -1.01193e-05 -2.65624e-05 -8.03047e-05  -0.00369925 -0.000684317  -0.00207287  0.000169935 -0.000179009  1.79538e-05    -0.020967   -0.0108306 -3.54635e-05 0.0185423 0.0107599  -9.80898 
                 8.1  0.230132 -0.131945   1.00153 0.00707802  0.0234759 0.00627872    0.0618336    -0.118653 -0.000107254 -9.19209e-06 -2.74444e-05 -7.88356e-05 0.00332193 0.00121892 -0.0025146  1.46378e-05 -0.000429655 -5.76801e-05  -0.0211708  -0.0110792 3.64903e-05  0.018723 0.0109868  -9.80898 
                 8.2 0.149675 -0.23904 0.959499 0.00785927  0.0242667 0.00892632     0.062164    -0.118981 -0.000103975 -9.14383e-06 -2.83131e-05 -7.83071e-05 0.00319991 0.00330654 0.00315479  0.000130753 -0.000269742  3.29582e-06   -0.0212374   -0.0111449 -0.000676154 0.0187815 0.0110468  -9.80898 
                 8.3  0.196055 -0.335141   0.93844 0.00817117  0.0239253 0.00808562     0.061858    -0.119077 -9.74646e-05  -9.7106e-06 -2.83217e-05 -7.83656e-05 0.000884766 0.000246017  0.00104591  6.34327e-05 -0.000127893  3.31421e-05   -0.0212537    -0.011086 -0.000391176  0.018797 0.0109949  -9.80898 
                 8.4  0.280419 -0.432336  0.965672 0.00959531  0.0237014 0.00712907    0.0618371    -0.119982 -8.39401e-05 -1.07022e-05  -2.8773e-05  -8.0159e-05  -5.2843e-05  -0.00365409 -0.000851951 -5.78456e-05  1.37684e-05 -6.65998e-06   -0.0214221   -0.0110808 -0.000138811 0.0189482 0.0109949  -9.80898 
                 8.5  0.122938 -0.300378  0.992868 0.00872048  0.0234346  0.0119103    0.0618123    -0.119405 -8.72172e-05 -1.19543e-05 -3.15501e-05 -8.02917e-05 -0.00240857 -0.00128325  0.00845449  0.000164583 -0.000170599 -4.44377e-05  -0.0213214  -0.0110817 -0.00127633 0.0188561 0.0109856  -9.80898 
                 8.6  0.101855 -0.322402  0.923711 0.00739736  0.0226577  0.0142711    0.0614661    -0.118831 -8.80173e-05 -1.20029e-05  -3.2842e-05 -8.10671e-05 -0.00636746 -0.00173201   0.0120258  0.000193431 -0.000140413  5.28157e-05 -0.0212163 -0.0110179 -0.0016283 0.0187615 0.0109223  -9.80898 
                 8.7  0.248027 -0.167868  0.988548 0.0066319 0.0239339  0.012263    0.0623493    -0.118637 -0.000113482 -8.97684e-06 -3.42342e-05 -8.19317e-05 -0.00429411 -0.00228051  0.00623839  -1.3409e-05 -0.000354782 -3.76698e-05   -0.0211745   -0.0111817 -0.000898443 0.0187261 0.0110743  -9.80898 
                 8.8  0.084512 -0.212652  0.950363 0.00598233  0.0239095  0.0131904    0.0623397    -0.118524 -0.000118407 -9.18538e-06 -3.42975e-05 -8.18456e-05 -0.00479206 6.25783e-05  0.00693956 0.000214558 -0.00028884 1.55608e-05   -0.0211543   -0.0111802 -0.000959137 0.0187076 0.0110718  -9.80898 
                 8.9  0.198948 -0.177852  0.936055 0.0052097 0.0242901 0.0119833    0.0626373    -0.118316 -0.000125823 -8.55181e-06 -3.47498e-05 -8.19763e-05  -0.0043398 -0.00151136  0.00352313  5.46462e-05 -0.000333939  3.53294e-05  -0.0211122  -0.0112344 -0.00053471 0.0186725 0.0111226  -9.80898 
                   9  0.146416 -0.127638  0.981555 0.00475711  0.0234151  0.0115114    0.0622403    -0.118242 -0.000121123 -8.32929e-06 -3.46741e-05 -8.20721e-05 -0.00352905 -0.00301764  0.00182901  0.000126753 -0.000399805 -2.73312e-05    -0.021097   -0.0111587 -0.000343142 0.0186623 0.0110561  -9.80898 
                 9.1 0.0280422 -0.218538  0.945458 0.0066896 0.0218858 0.0151414    0.0614963    -0.119472 -9.31687e-05 -7.38642e-06 -3.64873e-05 -8.44382e-05 0.000702511 -0.00254371  0.00840556   0.00028771 -0.000273594  2.19283e-05   -0.021335   -0.011022 -0.00108673 0.0188755 0.0109371  -9.80898 
                 9.2  0.0247898 -0.0935102   0.884828 0.00647244  0.0213465  0.0161125   0.0613151   -0.119177 -9.2466e-05 -7.32856e-06 -3.67513e-05 -8.47201e-05  0.00380091 -0.00138084   0.0102152  0.000290237 -0.000440423  0.000103944  -0.0212792  -0.0109878 -0.00111215 0.0188272 0.0109049  -9.80898 
                 9.3 0.0392915 -0.374546  0.959209 0.00767121  0.0211645  0.0146503    0.0612687    -0.119845 -7.57563e-05 -1.08292e-05 -3.68429e-05  -8.6631e-05   0.00153583 -0.000870337   0.00568567  0.000268649 -8.16282e-05  8.46732e-06   -0.0214049   -0.0109743 -0.000577942 0.0189341 0.0108962  -9.80898 
                 9.4 0.0638146  -0.33285  0.943537 0.00491278  0.0200187  0.0155318    0.0607656    -0.118404 -8.34238e-05 -1.07353e-05 -3.65498e-05 -8.40406e-05 -0.00565161 -0.00203645  0.00643456  0.000234697 -0.000137505  2.88511e-05  -0.0211317  -0.0108797 -0.00064653  0.018696 0.0108065  -9.80898 
                 9.5 -0.177394 -0.209077   1.03423 0.00555554   0.018366  0.0151421    0.0597928    -0.118935 -5.95517e-05 -1.11097e-05 -3.58133e-05 -8.53912e-05 -0.00150924  0.00146834   0.0044069   0.00054763 -0.000298785 -8.99115e-05   -0.0212302   -0.0106942 -0.000407379 0.0187836 0.0106412  -9.80898 
                 9.6  0.057617 -0.205502  0.979567 0.00537093  0.0203408 0.00784739    0.0608238    -0.118979 -8.20321e-05 -8.38287e-06 -4.14462e-05 -8.55957e-05 -0.000940206   0.00282204   -0.0101685  0.000239666 -0.000300575 -1.82561e-05 -0.0212291 -0.0108816 0.00117974 0.0187676 0.0107766  -9.80898 
                 9.7  0.012571 -0.271341  0.905109 0.00287637   0.021296 0.00598655    0.0611035    -0.117887 -9.91072e-05  -8.8688e-06 -4.33288e-05 -8.54788e-05 -0.00696038  0.00615145  -0.0118026  0.000296274 -0.000213814  7.75953e-05 -0.0210196 -0.0109334 0.00135043 0.0185817 0.0108118  -9.80898 
                 9.8  0.0412604 -0.0588096   0.984683 0.00505093  0.0240383 0.00844682    0.0619955    -0.119116 -9.81134e-05  -1.2735e-05 -4.22773e-05 -8.24111e-05  0.00312136   0.0122441 -0.00470812  0.000256142 -0.000485629 -2.46292e-05  -0.0212594  -0.0111072 0.000598821   0.01879 0.0109966  -9.80898 
                 9.9   0.202221 -0.0441073   0.945592  0.0055603  0.0261755 0.00786096    0.0625187     -0.11916 -0.000104595 -1.27533e-05  -4.2087e-05 -8.39014e-05  0.00665589   0.0118048 -0.00476025  4.83238e-05 -0.000501948  2.55803e-05   -0.021267  -0.0112079 0.000608255 0.0187939 0.0110848  -9.80898 
                  10  0.103946 -0.204164  0.965453  0.0075319  0.0257866 0.00692632    0.0617666    -0.119856 -7.56568e-05 -1.35918e-05 -4.19525e-05 -8.51902e-05  0.00898235  0.00942967 -0.00573388  0.000173221 -0.000295936 -3.41889e-07  -0.0214011  -0.0110609 0.000713183 0.0189133 0.0109569  -9.80898 
                10.1  0.107219 -0.371701  0.962264  0.0116077  0.0246085 0.00642799    0.0608075    -0.121446 -2.63469e-05 -1.42259e-05 -4.17634e-05 -9.22519e-05   0.0126419  0.00506775 -0.00582766  0.000168735 -8.25946e-05  3.28436e-06  -0.0217117  -0.0108741 0.000716158 0.0191877 0.0108044  -9.80898 
                10.2 -0.00421305   -0.347099    0.898986 0.00825555   0.022044 0.00736877    0.0594025    -0.119353 -3.06231e-05 -1.22832e-05 -4.45114e-05 -9.08561e-05  0.00209441  0.00221224 -0.00371728  0.000308159 -0.000112421   8.2073e-05  -0.0213055  -0.0106019 0.000434376 0.0188474 0.0105643  -9.80898 
                10.3  0.076979 -0.273242  0.956477 0.00619778  0.0222482 0.00793548    0.0594284    -0.118298 -4.50814e-05 -1.26361e-05 -4.40059e-05 -9.13262e-05 -0.00190714   0.0026222 -0.00162126  0.000202937 -0.000204542  8.93236e-06  -0.0211005  -0.0106093 0.000240848 0.0186723 0.0105695  -9.80898 
                10.4  0.0887428 -0.0423457   0.920605 0.00500305  0.0220606  0.0102065   0.0592254   -0.117653 -5.0501e-05 -1.64681e-05 -4.38525e-05 -9.38888e-05 0.000563747  0.00275093  0.00481549  0.000186535 -0.000489899  5.41149e-05   -0.0209782   -0.0105719 -0.000231299 0.0185714 0.0105457  -9.80898 
                10.5   0.15179 -0.170928   0.98156 0.00713313  0.0228536  0.0120589    0.0594596    -0.118606 -4.57267e-05 -1.65354e-05 -4.42211e-05 -9.35032e-05 0.00458611 0.00306158 0.00675219  0.000105934 -0.000326518 -2.26277e-05   -0.0211705    -0.010619 -0.000510965 0.0187381 0.0105967  -9.80898 
                10.6  0.148029 -0.175189   0.94073 0.00675766  0.0229088  0.0134442    0.0593666    -0.118221 -5.13154e-05 -1.65649e-05 -4.41534e-05 -9.34761e-05 0.00427662 0.00239407  0.0083571  0.000110021 -0.000321045  2.80041e-05   -0.0210961   -0.0106013 -0.000646748 0.0186756 0.0105829  -9.80898 
                10.7  0.234893 -0.380367   0.96884 0.00807295  0.0225872  0.0125195    0.0592224    -0.118789 -3.04131e-05 -1.85918e-05 -4.51955e-05 -9.47947e-05   0.0029368 -0.00169045  0.00522922  2.44621e-06 -6.46126e-05 -7.63675e-06   -0.0212046   -0.0105707 -0.000317556 0.0187655 0.0105531  -9.80898 
                10.8 -0.0408719  -0.356623   0.980856 0.00781973   0.021724   0.010915    0.0587603    -0.118598 -1.34802e-05 -1.97663e-05   -4.181e-05 -9.62264e-05   0.00089211  0.000985933 -0.000135887  0.000339998 -9.22161e-05 -2.22708e-05   -0.021162  -0.0104776 7.34231e-05 0.0187261 0.0104682  -9.80898 
                10.9  0.122837 -0.224183  0.961164 0.00665596  0.0227087  0.0103974    0.0592151    -0.118012 -3.17899e-05 -1.99105e-05 -4.16483e-05 -9.71532e-05  2.07912e-05   0.00158136 -0.000774256  0.000155137 -0.000235222 -2.27876e-07  -0.0210442  -0.0105671 0.000153538  0.018623 0.0105412  -9.80898 
                  11  0.173649 -0.301818   0.90385 0.00706763  0.0236618 0.00785703   0.0595823    -0.11827 -3.8878e-05 -2.04127e-05 -4.20063e-05  -9.7303e-05 0.000230677  0.00150809 -0.00524653  9.36818e-05 -0.000138144  6.90376e-05 -0.0210886  -0.010638 0.00059636 0.0186584 0.0105993  -9.80898 
                11.1  0.103652 -0.215112  0.918426 0.00519469  0.0224751  0.0107559    0.0590186    -0.117435 -2.01527e-05 -2.17455e-05 -4.31983e-05 -9.90673e-05 -0.00254837 0.000351758  0.00141274  0.000176707 -0.000239914  5.07859e-05   -0.0209304   -0.0105288 -1.48957e-05 0.0185253 0.0105061  -9.80898 
                11.2  0.111656 -0.264143  0.930384 0.00560394  0.0214888  0.0097341   0.0586152   -0.117737 3.22234e-06 -2.17859e-05 -4.31147e-05 -9.90094e-05  -0.00130941  -0.00187551 -0.000674305 0.000166487 -0.00017803 3.59869e-05  -0.0209874  -0.0104466 0.000197159 0.0185762 0.0104365  -9.80898 
                11.3  0.504623 -0.400525  0.940225 0.00590026  0.0258507 0.00817088    0.0607066    -0.118074 -0.000100415 -2.14765e-05 -4.37262e-05 -0.000111288 -0.00376603 -0.00218186 -0.00402736 -0.000305693  -1.2846e-05  2.33519e-05  -0.0210505   -0.010866 0.000426603 0.0186241 0.0107929  -9.80898 
                11.4 0.0962865 -0.369495  0.861253 0.00924709  0.0214705  0.0094437   0.0588732   -0.119587 6.74929e-05 -1.91756e-05 -4.12515e-05 -0.000118246  0.00263969 -0.00707212 0.000723692   0.00018257 -5.00864e-05  0.000116932  -0.0213632  -0.0104975 0.000186921  0.018891 0.0104853  -9.80898 
                11.5  0.091993 -0.388303  0.925517 0.00895311  0.0213622 0.00982377   0.0590949   -0.119426 5.10908e-05 -1.89846e-05 -4.14047e-05 -0.000117562 -0.000573861   -0.0053119  0.000530837  0.000185632 -2.93813e-05  4.03502e-05  -0.0213317  -0.0105425 0.000129832 0.0188634 0.0105224  -9.80898 
                11.6  0.220952 -0.362593   0.97525 0.00902074  0.0225911  0.0085407   0.0598479   -0.119528 1.00403e-05 -1.79761e-05 -4.15074e-05 -0.000117739 -0.00140771 -0.00445941 -0.00153474  3.18157e-05 -5.85576e-05 -1.82553e-05  -0.0213478  -0.0106924 0.000354623 0.0188806 0.0106514  -9.80898 
                11.7  0.325967 -0.384039  0.945664  0.0094275  0.0218374 0.00639722   0.0598394   -0.119816 1.55386e-05 -1.77634e-05 -4.27561e-05 -0.000117323 -0.00265212 -0.00945533 -0.00519871  -9.0689e-05 -3.17935e-05  1.63126e-05   -0.021399  -0.0106896 0.000687837 0.0189312 0.0106541  -9.80898 
                11.8    0.331853 -0.00845174    0.958586 0.00641067  0.0223723 0.00722876    0.0604544    -0.118494 -3.97944e-05 -2.16952e-05 -4.19382e-05 -0.000127715 -0.00168134 -0.00908026  -0.0024326 -9.75321e-05 -0.000466297  3.74562e-06  -0.0211371  -0.0108148 0.000450399 0.0187049 0.0107536  -9.80898 
                11.9  0.221842 -0.133143  0.975524 0.00428495  0.0219689 0.00957928    0.0606546    -0.117768 -6.43104e-05 -2.32763e-05 -4.30141e-05 -0.000127756 -0.00463448 -0.00823242  0.00259988  2.90417e-05 -0.000320071  -1.6471e-05 -0.0209976 -0.0108564 1.7865e-05  0.018576 0.0107764  -9.80898 
                  12 -0.0466333 -0.0326009   0.931381 0.00261526   0.021595  0.0103457    0.0606576    -0.117202 -7.26028e-05 -2.36532e-05 -4.39621e-05 -0.000128273  -0.0027498 -0.00245346  0.00365646  0.000337798 -0.000433049  3.46098e-05   -0.0208848   -0.0108569 -5.79554e-05   0.01848 0.0107733  -9.80898 
                12.1  0.202053 -0.167934  0.957023 0.00289512  0.0228465  0.0101925    0.0613369    -0.117464 -9.01256e-05 -2.35189e-05 -4.36811e-05  -0.00012864 -0.000957476  -0.00267286   0.00221338  5.00356e-05 -0.000274156   4.8232e-06 -0.0209364 -0.0109942 1.8335e-05 0.0185231 0.0108907  -9.80898 
                12.2  0.104562 -0.252212  0.930895 0.00398696  0.0232169  0.0101084    0.0615105    -0.117973 -8.45234e-05 -2.39491e-05 -4.33119e-05 -0.000130412   0.00126497 -0.000480408   0.00181576  0.000160698 -0.000172797  3.42978e-05   -0.021039  -0.0110294 7.18679e-05 0.0186074 0.0109235  -9.80898 
                12.3  0.339739 -0.226021  0.939955 0.00687789  0.0242278 0.00999721    0.0620382    -0.119015 -0.000107589 -2.42047e-05 -4.27795e-05 -0.000134296  0.00792842 -0.00353941  0.00161614 -0.000107059  -0.00019757  2.39728e-05  -0.0212515  -0.0111365 0.000106672 0.0187818 0.0110182  -9.80898 
                12.4  0.163675 -0.097851  0.927507 0.00455983  0.0226543  0.0119227    0.0615713    -0.117718 -0.000124984 -2.45131e-05 -4.34389e-05 -0.000135504  0.00548541 -0.00468289   0.0050748  9.2286e-05 -0.00034085 3.82724e-05     -0.02099   -0.0110426 -0.000172487 0.0185722 0.0109291  -9.80898 
                12.5  0.191774 -0.353178  0.932866 0.00483119  0.0226196  0.0112074    0.0617474    -0.117784 -0.000132126 -2.60762e-05 -4.34888e-05 -0.000135269  0.00205991 -0.00534456   0.0030188 6.01843e-05 -5.2043e-05 3.11272e-05  -0.0209995  -0.0110776 2.38854e-05 0.0185753  0.010962  -9.80898 
                12.6  0.345174 -0.225776  0.943823 0.00687021  0.0234051  0.0123109    0.0623228      -0.1184 -0.000163387 -2.61205e-05 -4.26792e-05 -0.000136715  0.00732662 -0.00706804  0.00482844 -0.000111803 -0.000190421  1.94134e-05   -0.0211296   -0.0111959 -0.000113883 0.0186838 0.0110594  -9.80898 
                12.7 0.0154744  -0.21441   0.97093 0.00534125  0.0222585  0.0135381    0.0620266     -0.11757 -0.000182306 -2.63338e-05 -4.25479e-05 -0.000137661  0.00368817 -0.00352332   0.0063768  0.000255919 -0.000199571 -1.09955e-05   -0.0209594    -0.011136 -0.000225256 0.0185478 0.0110049  -9.80898 
                12.8 0.0359371 -0.331342  0.939506 0.00689501  0.0225324  0.0155677    0.0622295    -0.118056 -0.000190464  -2.5525e-05 -4.32899e-05 -0.000137949   0.00393082 -0.000908462   0.00828787  0.000231693 -7.06133e-05  2.34752e-05   -0.0210652   -0.0111791 -0.000449447 0.0186379 0.0110371  -9.80898 
                12.9 -0.155063 -0.182039  0.968107 0.00629334  0.0198638  0.0159962    0.0611891    -0.117616 -0.000129029 -2.52202e-05 -4.20604e-05 -0.000143482   0.00390559 -0.000120375   0.00767106  0.000439585 -0.000235717 -8.19029e-06   -0.0209717    -0.010964 -0.000366194 0.0185643 0.0108609  -9.80898 
                  13  0.168036 -0.208004  0.960528 0.00628013  0.0205343   0.008448     0.061553    -0.117583 -0.000156683 -2.31228e-05 -5.10511e-05 -0.000141965  0.00422282 -0.00351794 -0.00774069  8.58104e-05 -0.000205598  1.38058e-07  -0.0209366   -0.011033 0.000917295 0.0185199 0.0109245  -9.80898 
                13.1 0.0597946 -0.186747  0.955753 0.00685325  0.0204622 0.00671811    0.0615894    -0.117631 -0.000159823 -2.28304e-05 -5.11951e-05 -0.000141806  0.00616179 -0.00132817 -0.00946658  0.000202535 -0.000226509  5.32554e-06 -0.0209435 -0.0110397 0.00106898 0.0185241  0.010929  -9.80898 
                13.2   0.16151 -0.293558   0.92242 0.00660769  0.0217651 0.00717917    0.0621107    -0.117394 -0.000186959 -2.25594e-05 -5.01544e-05 -0.000142874  0.00315394 0.000508015 -0.00661299  9.04596e-05 -0.000108447  4.12843e-05  -0.0208975  -0.0111505 0.000847077 0.0184862 0.0110213  -9.80898 
                13.3  0.0995702 -0.0646021    0.97761 0.00471466  0.0217217 0.00466146    0.0620671    -0.116515 -0.000203382 -2.07036e-05 -5.00231e-05 -0.000145852 0.00360723  0.0011105 -0.0100235  0.000156912 -0.000355361 -1.82938e-05  -0.020707 -0.0111407  0.0011289 0.0183308 0.0110029  -9.80898 
                13.4  0.0568917 -0.0044788   0.983808 0.00347272  0.0212529 0.00440252    0.0618461    -0.115879 -0.000207488 -2.14267e-05 -4.97529e-05 -0.000148169  0.00478143  0.00173438 -0.00856773  0.000201945 -0.000417607 -2.49063e-05 -0.0205751 -0.0110953 0.00101957 0.0182267  0.010965  -9.80898 
                13.5 0.00894904  -0.268111   0.998137 0.00338559  0.0208794 0.00718043    0.0615977    -0.115757 -0.000208676 -1.87737e-05 -5.07692e-05 -0.000147021  0.00155282  0.00345411 -0.00174491  0.000251895 -0.000131792  -4.0382e-05  -0.0205602  -0.0110468 0.000489302 0.0182236 0.0109374  -9.80898 
                13.6 0.0777207 -0.178402  0.995173 0.00518982  0.0219659 0.00678602    0.0618387    -0.116274 -0.000214169 -1.88637e-05 -5.07834e-05 -0.000147489   0.0053675  0.00507218 -0.00161546  0.000176778 -0.000225626  -3.6884e-05  -0.0206687  -0.0110975 0.000520897 0.0183084  0.010981  -9.80898 
                13.7  0.188362 -0.101135  0.946798 0.00510558  0.0228729  0.0081375    0.0620157    -0.115975 -0.000226184 -1.98012e-05 -4.97278e-05 -0.000148377 0.00614685 0.00450192 0.00131692  6.04816e-05 -0.000306342  1.37934e-05  -0.0206099  -0.0111366 0.000289876 0.0182661 0.0110164  -9.80898 
                13.8 -0.0388335  -0.347698   0.963048 0.00554075  0.0220488 0.00902091    0.0614835    -0.116013 -0.000207616 -1.93209e-05 -4.96789e-05  -0.00014976 0.00185642 0.00614954 0.00258531  0.000301379 -4.34042e-05 -3.99273e-06  -0.0206197   -0.011024 0.000192885 0.0182803 0.0109301  -9.80898 
                13.9  0.109989 -0.332881  0.910706 0.00623441  0.0230006   0.010503    0.0616241    -0.116183 -0.000215204  -1.8877e-05 -4.86855e-05   -0.0001503 0.000951288  0.00623232  0.00501404  0.000142205 -5.91611e-05  5.14263e-05  -0.0206578  -0.0110552 6.56125e-06 0.0183146 0.0109617  -9.80898 
                  14 0.228345 -0.33148 0.936668 0.0060603 0.0241211 0.0119566    0.0618416    -0.116105 -0.000222098 -1.87223e-05 -4.76862e-05 -0.000151056 -0.00145093   0.0050321  0.00694521 1.62954e-05 -6.0887e-05 2.37696e-05   -0.0206427   -0.0111025 -0.000137642 0.0183039 0.0110027  -9.80898 
                14.1 0.237677 -0.34852 0.936659 0.00699523  0.0240939  0.0102099    0.0617198      -0.1165 -0.000212219 -1.90212e-05  -4.9079e-05 -0.000150704 -0.00132743   0.0015826  0.00194972 6.71883e-06   -4.27e-05 2.35527e-05   -0.020725  -0.0110734 0.000217875 0.0183648 0.0109734  -9.80898 
                14.2  0.308419 -0.236664  0.906506 0.00874882  0.0262763 0.00926125    0.0624019    -0.117082 -0.000209035 -1.88748e-05 -4.94043e-05 -0.000150116   0.00277324   0.00212445 -0.000137591 -6.72184e-05 -0.000159096  5.54647e-05  -0.0208486  -0.0112174 0.000375091 0.0184571 0.0110868  -9.80898 
                14.3  0.178429 -0.244124  0.953567  0.0101016  0.0247505 0.00957113     0.061831    -0.117411 -0.000200651 -1.93836e-05 -4.95265e-05 -0.000150621  0.00438469 -0.00125645  0.00028263  6.85031e-05 -0.000150767  6.12911e-06  -0.0209199  -0.0110942 0.000341707 0.0185158 0.0109925  -9.80898 
                14.4  0.109678 -0.310971  0.983294 0.00895553  0.0233424 0.00909456     0.061423    -0.116943 -0.000217719 -1.99686e-05 -4.83397e-05 -0.000152092 -0.000261861  -0.00314838 -0.000662251  0.000139387 -7.94017e-05  -2.4889e-05  -0.0208186  -0.0110057 0.000420112 0.0184385 0.0109224  -9.80898 
                14.5 0.0427632 -0.290617  0.942854 0.00624658  0.0207358 0.00980918    0.0607123    -0.116116 -0.000239758 -2.01733e-05 -4.88715e-05 -0.000155309 -0.00619545 -0.00569295 0.000860481  0.000207222 -0.000101369  1.62566e-05  -0.0206382  -0.0108519 0.000312487 0.0182982  0.010799  -9.80898 
                14.6  0.194787 -0.270436  0.932195 0.00624215  0.0227534  0.0119547   0.0615564   -0.116346 -0.00022722   -2.091e-05 -4.78043e-05 -0.000156022 -0.00572693 -0.00237465  0.00496614  5.13928e-05 -0.000121143  2.69655e-05  -0.0206856  -0.0110379 1.27405e-05 0.0183279 0.0109407  -9.80898 
                14.7  0.231901 -0.216728  0.947707  0.0046471  0.0214851 0.00905445    0.0612861    -0.115972 -0.000236453 -1.93953e-05 -4.90718e-05 -0.000155985 -0.00704996 -0.00694148 -0.00142082 1.38905e-05 -0.00017515 1.12928e-05 -0.0206067 -0.0109766 0.00048776 0.0182761 0.0108972  -9.80898 
                14.8  0.279575 -0.198645  0.977536 0.00665488  0.0229791 0.00800753    0.0619619    -0.116784 -0.000215334 -1.85877e-05 -4.99672e-05 -0.000155967 -0.00138114  -0.0055707 -0.00415946 -3.47086e-05 -0.000188196 -1.87475e-05 -0.0207862 -0.0111237 0.00060478 0.0184156 0.0110156  -9.80898 
                14.9  0.158112 -0.207119  0.950789 0.00763496  0.0229009 0.00853767     0.062066    -0.117116 -0.000207057 -1.87931e-05  -5.0123e-05  -0.00015556  0.00108589 -0.00408519 -0.00229781  8.77307e-05 -0.000179707  8.25117e-06 -0.0208592  -0.011147 0.00048628 0.0184697 0.0110332  -9.80898 
                  15  0.102168 -0.345507  0.948862 0.00736548   0.021966 0.00793242    0.0618915    -0.117064 -0.000209548 -1.91543e-05 -4.98505e-05 -0.000155738 -0.00276331 -0.00452683 -0.00308635  0.000139807 -4.99111e-05  9.77283e-06  -0.0208479  -0.0111079 0.000541243 0.0184621 0.0110038  -9.80898 
                15.1 0.0176081 -0.197266  0.963067 0.00517152  0.0191358 0.00975375    0.0611773    -0.116433 -0.000206304 -1.99845e-05  -5.1414e-05 -0.000158699 -0.00549008 -0.00636656  0.00113859  0.000222705 -0.000198237 -4.51652e-06  -0.0207059  -0.0109504 0.000258979  0.018353 0.0108733  -9.80898 
                15.2 0.0582698 -0.202459  0.946267 0.00545446  0.0190422 0.00918902    0.0613224    -0.116663 -0.000204614 -1.98968e-05 -5.11471e-05 -0.000158392   -0.0036627  -0.00472831 -8.87353e-05  0.000180895 -0.000191888  1.23753e-05 -0.0207577 -0.0109824 0.00034813 0.0183927 0.0109008  -9.80898 
                15.3 0.0472094 -0.170844  0.965059 0.00493086  0.0188881  0.0102052    0.0613921     -0.11659 -0.000204694 -2.01245e-05 -5.12077e-05 -0.000158544 -0.00333068 -0.00251732  0.00184411  0.000190572 -0.000220917 -6.47212e-06  -0.0207408  -0.0109989 0.000212391  0.018379 0.0109118  -9.80898 
                15.4  0.013118 -0.165485  0.956646 0.00436117  0.0199648  0.0107089    0.0617228    -0.116504 -0.000203557 -2.02096e-05 -5.12254e-05 -0.000158515 -0.00327117  0.00220441  0.00248959  0.000223126 -0.000225525  1.92021e-06  -0.0207211  -0.0110735 0.000167924 0.0183626 0.0109686  -9.80898 
                15.5 0.0776223 -0.287735  0.861025 0.00600183  0.0201189  0.0118412    0.0617022    -0.117128 -0.000200698 -1.96063e-05 -4.94168e-05 -0.000160355 -0.00162367  0.00238316   0.0040943  0.000158259 -0.000102992  9.66529e-05  -0.0208612  -0.0110701 5.58028e-05 0.0184694 0.0109711  -9.80898 
                15.6  0.150603 -0.248874  0.983364 0.00539487  0.0224024 0.00721954     0.062315    -0.116978 -0.000202389 -1.99823e-05  -5.2503e-05 -0.000161666 -0.00269241  0.00446042 -0.00519632  8.47999e-05  -0.00014125 -2.45752e-05  -0.0208316  -0.0112044 0.000701722 0.0184396 0.0110612  -9.80898 
                15.7 0.349858 -0.40542 0.934823 0.00753075  0.0218249 0.00706081    0.0621381    -0.117742 -0.000189099 -1.97133e-05 -5.22298e-05 -0.000163418 -0.00180623 -0.00270894 -0.00463491 -0.000110905  1.38435e-05  2.25968e-05  -0.0210029  -0.0111652 0.000659655 0.0185693 0.0110357  -9.80898 
                15.8  0.170018 -0.309257  0.916215 0.00572842  0.0213237  0.0063445    0.0620328    -0.117256 -0.000208243 -1.94835e-05 -5.20337e-05  -0.00016311 -0.00562594 -0.00241798  -0.0051357  6.56564e-05 -8.08762e-05  4.10044e-05  -0.0208931  -0.0111417 0.000696159  0.018487 0.0110154  -9.80898 
                15.9  0.111167 -0.118526  0.900804 0.00476536  0.0209476 0.00695218   0.0619704   -0.117095 -0.00020685 -2.04424e-05 -5.25443e-05 -0.000163634 -0.00683681 -0.00178154  0.00418089  0.000122629 -0.000262798  5.62282e-05  -0.0208558  -0.0111287 0.000595627 0.0184589 0.0110061  -9.80898 
                  16   0.12255 -0.304761  0.946732 0.00478472  0.0214472 0.00785815    0.0621561    -0.117377 -0.000195705 -1.99707e-05 -5.30443e-05 -0.000163327  -0.00862003 -0.000487712   0.00504204  0.000110543 -8.06858e-05  1.09008e-05   -0.020918  -0.0111707 0.000530417 0.0185048 0.0110385  -9.80898 
                16.1   0.22479 -0.129379  0.998337 0.00630912  0.0234592 0.00762798    0.0627841    -0.117999 -0.000167636 -1.87886e-05 -5.42021e-05 -0.000161425 -0.000574237   0.00124622   0.00350226  1.03063e-05  -0.00025197 -3.86267e-05  -0.0210502   -0.011304 0.000615849  0.018603 0.0111374  -9.80898 
                16.2  0.141643 -0.231761  0.955833 0.00703421   0.024185  0.0102206    0.0629302      -0.1183 -0.000147409 -1.88013e-05 -5.48559e-05 -0.000161051 0.00050271  0.0032288  0.0072874  8.90361e-05 -0.000149996  1.50067e-06  -0.0211065  -0.0113358 0.000326035  0.018643 0.0111608  -9.80898 
                16.3  0.186931 -0.332645  0.934738  0.0074607  0.0238068 0.00926221    0.0627605    -0.118464 -0.000155753 -1.97352e-05 -5.47657e-05 -0.000161542 -0.000893408  0.000171733   0.00413798  4.62192e-05 -5.15126e-05  2.09648e-05  -0.0211458  -0.0112995 0.000541432 0.0186725 0.0111357  -9.80898 
                16.4  0.273914 -0.431399  0.962423 0.00902735     0.0236 0.00813047    0.0627519    -0.119024 -0.000147498 -2.12714e-05 -5.55445e-05 -0.000163964 -0.00133288 -0.00366334  0.00117479 -3.59771e-05  4.10255e-05 -5.60707e-06  -0.0212692  -0.0112963 0.000736495 0.0187632 0.0111371  -9.80898 
                16.5  0.116274 -0.296962  0.989757 0.00824731  0.0233272  0.0125881    0.0627378    -0.118864 -0.000148203 -2.22888e-05 -5.79868e-05 -0.000163939 -0.00266654 -0.00125708  0.00935948  0.000111709 -8.63244e-05  -3.0769e-05  -0.0212237  -0.0112969 0.000200407 0.018727  0.01113 -9.80898 
                16.6 0.0969077 -0.318492    0.9206 0.00708925  0.0225843  0.0146987    0.0625725    -0.118666 -0.000156672 -2.22489e-05 -5.89477e-05 -0.000164581 -0.00607501 -0.00160598   0.0116495  0.000129539 -6.53514e-05  3.42125e-05  -0.0211779  -0.0112613 5.25484e-05 0.0186923 0.0111002  -9.80898 
                16.7  0.244763 -0.164877  0.985904 0.00645986  0.0238698  0.0125204    0.0630009    -0.118581 -0.000151911 -1.91233e-05 -6.05703e-05 -0.000165225 -0.00347893 -0.00215028    0.005559 -9.68087e-06 -0.000211632 -2.66507e-05 -0.0211642 -0.0113556 0.00045708 0.0186876 0.0111756  -9.80898 
                16.8 0.0814761 -0.210895  0.947805 0.00594698  0.0238741  0.0132833    0.0629977    -0.118557 -0.000156271 -1.92946e-05 -6.05706e-05 -0.000165082 -0.00375688 0.000272074  0.00597345  0.000142467 -0.000167379  8.79178e-06   -0.021159  -0.0113553 0.000433694 0.0186835 0.0111749  -9.80898 
                16.9 0.197884 -0.17754 0.933729 0.00524448  0.0242845  0.0119715    0.0631431     -0.11845 -0.000155196 -1.87051e-05 -6.10679e-05 -0.000165211 -0.00319666 -0.00125923  0.00249006  3.37852e-05 -0.000198343  2.18693e-05 -0.0211352 -0.0113876 0.00066149 0.0186695 0.0112013  -9.80898 
                  17  0.145853 -0.127797  0.979581 0.00490615   0.023448  0.0114271    0.0629514    -0.118411 -0.000155023 -1.85191e-05 -6.10098e-05  -0.00016529 -0.00105578 -0.00266982  0.00098619  8.16813e-05 -0.000244127 -2.04565e-05  -0.0211261  -0.0113424 0.000759621 0.0186652 0.0111694  -9.80898 
                17.1 0.0279563 -0.219308  0.943448 0.00692257  0.0219578  0.0149958    0.0625916    -0.118995 -0.000144392 -1.74943e-05 -6.28597e-05  -0.00016764  0.00281856 -0.00211925  0.00745916  0.000189439 -0.000159495  1.25794e-05  -0.0212668  -0.0112601 0.000347592 0.0187665 0.0111089  -9.80898 
                17.2  0.0251777 -0.0955835   0.882934 0.00675764  0.0214413  0.0159098    0.0624983    -0.118822 -0.000142575  -1.7464e-05 -6.32125e-05 -0.000167964   0.00497011 -0.000957624   0.00789464  0.000191155 -0.000273403  6.77681e-05  -0.0212262  -0.0112383 0.000323231 0.0187378 0.0110915  -9.80898 
                17.3 0.0399988 -0.375161  0.957556 0.00791111  0.0212605  0.0143866     0.062469    -0.119117 -0.000129801 -2.07942e-05 -6.32651e-05 -0.000169563   0.00229577 -0.000457369   0.00361275  0.000176509 -1.56264e-05 -8.69016e-07  -0.0212951  -0.0112271 0.000597557 0.0187841 0.0110856  -9.80898 
                17.4 0.0645364    -0.334  0.941589 0.00512275  0.0201332  0.0152129    0.0622116    -0.118373 -0.000127961 -2.06107e-05 -6.29367e-05 -0.000166847 -0.00511686 -0.00158237  0.00453509 0.000153474 -5.3318e-05 1.36069e-05  -0.0211177   -0.011167 0.000540294 0.0186589 0.0110392  -9.80898 
                17.5 -0.176109 -0.211714   1.03243 0.00572594   0.018517  0.0147854    0.0617257    -0.118621 -0.000108455 -2.10901e-05 -6.23277e-05  -0.00016831 -0.00132177  0.00197999  0.00275644  0.000370545 -0.000164347 -6.88636e-05   -0.021175  -0.0110499 0.000653552  0.018699 0.0109533  -9.80898 
                17.6 0.0596333  -0.20787  0.977743 0.00546843   0.020467  0.0076105    0.0622485     -0.11864 -0.000130628 -1.84928e-05 -6.77926e-05 -0.000168548 -0.000998253   0.00321863   -0.0111604 0.000155841 -0.00016769 -1.9053e-05 -0.0211685 -0.0111674 0.00151772 0.0186846 0.0110127  -9.80898 
                17.7 0.0131179 -0.273985  0.903082 0.00295494  0.0214081 0.00582963    0.0623794    -0.118082 -0.000139398 -1.89514e-05 -6.96255e-05 -0.000168377  -0.007019 0.00652911 -0.0124419  0.000197178 -0.000106635  4.82177e-05 -0.0210326 -0.0111976 0.00159277 0.0185871 0.0110274  -9.80898 
                17.8  0.0424942 -0.0597072   0.982593 0.00510608  0.0241388 0.00836331    0.0628041    -0.118703 -0.000136101 -2.29731e-05 -6.85174e-05 -0.000165303  0.00291241   0.0125123 -0.00378235  0.000169141 -0.000298781 -2.32025e-05 -0.0211855 -0.0113038 0.00115166 0.0186947 0.0111306  -9.80898 
                17.9   0.204636 -0.0453144   0.943474  0.0056403  0.0262682 0.00793331    0.0630634    -0.118723 -0.000138188 -2.30387e-05 -6.82776e-05 -0.000166789  0.00586425    0.012055 -0.00388332  4.57411e-05 -0.000310275  6.00404e-06 -0.0211894 -0.0113662 0.00115035 0.0186959 0.0111753  -9.80898 
                  18  0.103966 -0.205807   0.96349 0.00757498  0.0258726 0.00708723    0.0626647     -0.11908 -0.000120589 -2.38952e-05 -6.81313e-05 -0.000168058  0.00789922  0.00963791 -0.00496119  0.000135946 -0.000166239 -1.26818e-05 -0.0212743 -0.0112693 0.00121051 0.0187565 0.0111063  -9.80898 
                18.1  0.106434 -0.373882  0.960178  0.0115973  0.0246707 0.00659636    0.0621512    -0.119914 -9.20408e-05 -2.46231e-05 -6.79415e-05 -0.000175179   0.0111522  0.00521939 -0.00518694  0.000132482 -1.32543e-05 -9.87673e-06 -0.0214751 -0.0111463 0.00121933 0.0188988 0.0110265  -9.80898 
                18.2 -0.0055287  -0.350026    0.89686 0.00814596  0.0221467 0.00755481    0.0614132     -0.11881 -9.99415e-05 -2.26828e-05 -7.06623e-05 -0.000173696 -0.00012345  0.00248563 -0.00261014  0.000231494 -3.31833e-05  4.69471e-05 -0.0212133 -0.0109715 0.00106073 0.0187245 0.0109039  -9.80898 
                18.3 0.0747952 -0.272766  0.954192 0.00596337  0.0223254 0.00817316    0.0614079    -0.118271 -0.000105071 -2.30413e-05 -7.01726e-05 -0.000174172  -0.00513101   0.00285883 -0.000927764  0.000157591 -0.000102049 -4.85489e-06  -0.0210839  -0.0109728 0.000955093 0.0186366 0.0109052  -9.80898 
                18.4  0.0863887 -0.0411275   0.918045 0.00462278  0.0221254  0.0103902    0.0612811    -0.117962 -0.000108729 -2.67375e-05 -7.00046e-05 -0.000176472 -0.00146388  0.00303477  0.00261626  0.000146029 -0.000310816  2.77276e-05  -0.0210101  -0.0109449 0.000689717 0.0185887 0.0108941  -9.80898 
                18.5  0.149315 -0.166797  0.978971 0.00676675  0.0229043  0.0120074    0.0613908    -0.118521 -0.000100136 -2.68499e-05 -7.04646e-05 -0.000176006 0.00357056 0.00336265 0.00427703  9.15716e-05  -0.00019978 -2.46189e-05  -0.0211476  -0.0109721 0.000531213 0.0186845 0.0109209  -9.80898 
                18.6  0.146542 -0.172235  0.937948 0.00645671  0.0229687  0.0131966    0.0613317    -0.118363 -0.000105109 -2.68839e-05 -7.03687e-05 -0.000175968 0.00296815 0.00272508 0.00574489  9.37021e-05 -0.000195754  1.02043e-05  -0.0211081  -0.0109585 0.000444603 0.0186584 0.0109137  -9.80898 
                18.7  0.234224 -0.378021  0.966278 0.00780338  0.0226656  0.0121309    0.0612584    -0.118694 -9.17951e-05 -2.87981e-05 -7.14249e-05  -0.00017758  0.00167057 -0.00129339  0.00275084  1.73277e-05 -1.83996e-05 -1.50364e-05  -0.0211924  -0.0109368 0.000624169 0.0187137 0.0108951  -9.80898 
                18.8 -0.041686 -0.352967  0.978452 0.00751508  0.0218217  0.0104961   0.0610152   -0.118617 -8.6779e-05 -2.99099e-05 -6.83222e-05 -0.000179093 -0.00155166  0.00143027  -0.0021198  0.000256488 -3.81998e-05 -2.55076e-05  -0.0211719  -0.0108724 0.000835661 0.0186967 0.0108468  -9.80898 
                18.9  0.122963 -0.221958  0.958389 0.0063201 0.0228221 0.0100175    0.0612461    -0.118347 -8.76008e-05 -3.01584e-05  -6.8145e-05 -0.000179853 -0.00295387  0.00203104 -0.00256653  0.000117746 -0.000149547 -8.59448e-06  -0.0211005  -0.0109318 0.000858314 0.0186468 0.0108857  -9.80898 
                  19  0.173511 -0.297749  0.901197 0.00660325  0.0237785 0.00749288    0.0614332    -0.118504 -8.37128e-05 -3.06506e-05 -6.84222e-05 -0.000180016 -0.00349798  0.00194131 -0.00692541   7.3624e-05 -8.23604e-05  4.16926e-05 -0.0211401 -0.0109783 0.00110587 0.0186725 0.0109152  -9.80898 
                19.1  0.103436 -0.234367  0.915509 0.00487526  0.0225563  0.0109215    0.0611085    -0.118191 -8.10505e-05 -3.22023e-05 -6.96414e-05 -0.000181388 -0.00666845 0.000797767 0.000726776  0.000133954 -0.000138386  2.88438e-05  -0.0210583  -0.0108977 0.000660681 0.0186168  0.010863  -9.80898 
                19.2  0.109847 -0.264506  0.928003 0.00513392  0.0215888 0.00981697    0.0608864    -0.118384 -7.75063e-05 -3.22997e-05  -6.9568e-05 -0.000181374 -0.00559897 -0.00137615 -0.00160452  0.000127973 -0.000111405  1.77448e-05  -0.0211092  -0.0108381 0.000794683 0.0186531 0.0108224  -9.80898 
                19.3   0.50428 -0.400545  0.936877 0.00533108  0.0258938 0.00830088   0.0619971   -0.118621 -8.0988e-05 -3.20009e-05 -7.00714e-05 -0.000193909  -0.0080293 -0.00191172 -0.00363465 -0.000217441  9.43587e-06  9.34073e-06  -0.0211699  -0.0111268 0.000923635 0.0186929 0.0110181  -9.80898 
                19.4 0.0937228 -0.365753  0.857885 0.00855894   0.021552 0.00947602     0.060997    -0.119514 -1.23452e-05  -2.9704e-05 -6.74539e-05 -0.000201356 -0.00177913 -0.00660202 -0.00115392   0.00014203 -2.13489e-05  7.82562e-05  -0.0214075  -0.0108659 0.000780235 0.0188515 0.0108441  -9.80898 
                19.5 0.0896641 -0.381816  0.922159 0.00821811  0.0214489 0.00967792   0.0611095   -0.119504 -1.3533e-05 -2.95477e-05 -6.76826e-05 -0.000200791  -0.00486309  -0.00487624 -0.000596668  0.000144335 -7.70246e-06  2.20747e-05  -0.0214048  -0.0108952 0.000745059 0.0188491 0.0108632  -9.80898 
                19.6   0.21878 -0.355912  0.971668 0.00827914  0.0226547 0.00837381    0.0615122    -0.119629 -1.36992e-05 -2.85987e-05 -6.80186e-05 -0.000200875 -0.00574051 -0.00410736 -0.00286829  3.13214e-05 -3.03347e-05 -2.08024e-05  -0.0214377  -0.0109983 0.000872997 0.0188759 0.0109342  -9.80898 
                19.7   0.32452 -0.378622  0.942563 0.00867579   0.021912 0.00621036    0.0614973    -0.119855 -8.86886e-06  -2.8418e-05 -6.93164e-05 -0.000200356 -0.00640515 -0.00906742 -0.00640905 -5.97612e-05  -1.0522e-05  4.29309e-06 -0.0214976 -0.0109939  0.0010717 0.0189228  0.010935  -9.80898 
                19.8    0.329963 -0.00394554    0.955586 0.00572949  0.0223912 0.00700078    0.0618237    -0.119221 -2.09314e-05 -3.24807e-05 -6.84741e-05 -0.000209512 -0.00493399 -0.00885504 -0.00427098 -6.45875e-05 -0.000333777 -5.14827e-06  -0.0213312  -0.0110799 0.000913364 0.0188066 0.0109889  -9.80898 
                19.9  0.220302 -0.126507  0.972637 0.00366344  0.0220041 0.00940226     0.061942    -0.118926 -2.89544e-05 -3.41835e-05 -6.96216e-05 -0.000209375 -0.00766695 -0.00797483  0.00177239  2.84463e-05 -0.000227913  -2.0078e-05  -0.0212507  -0.0111103 0.000622049 0.0187408 0.0109983  -9.80898 
                  20 -0.0473508 -0.0263159   0.928221 0.00200786  0.0216385  0.0101991    0.0619419    -0.118679 -3.24461e-05 -3.46526e-05 -7.06414e-05 -0.000209697 -0.00581681 -0.00220203  0.00173118    0.0002556 -0.000312181  1.78716e-05  -0.0211861  -0.0111101 0.000562321 0.0186961 0.0109952  -9.80898 
                20.1  0.209382 -0.163128  0.953203  0.0022428  0.0228688 0.00971791     0.062319     -0.11888 -2.58147e-05 -3.47332e-05  -7.0498e-05 -0.000210612 -0.00404425 -0.00274477  0.00142877  3.75271e-05 -0.000195317 -3.46584e-06   -0.021239  -0.0112072 0.000635781 0.0187327 0.0110629  -9.80898 
                20.2  0.106263 -0.246163  0.927749 0.00336316  0.0232393 0.00982265    0.0624193     -0.11924 -1.82956e-05 -3.49047e-05 -7.01301e-05 -0.000212736  -0.00169954 -0.000460694   0.00135969  0.000124414 -0.000124161  1.78503e-05  -0.0213328  -0.0112328 0.000641342 0.0187937 0.0110814  -9.80898 
                20.3  0.339885 -0.217147  0.934595 0.00622117  0.0242845 0.00979153    0.0627285     -0.11989 -2.03765e-05 -3.51066e-05  -6.9374e-05 -0.000216601 0.00490968 -0.0033972 0.00123424 -7.32258e-05 -0.000148002  1.20903e-05  -0.0215025  -0.0113123 0.000648825 0.0189043 0.0111369  -9.80898 
                20.4  0.219637 -0.246453   0.94866 0.00704967  0.0231005  0.0100075    0.0625428     -0.11997 -1.71753e-05  -3.5153e-05 -6.92946e-05 -0.000216701 0.00530275 -0.0056591 0.00135566   2.7856e-05 -0.000124521  1.21076e-07  -0.0215239  -0.0112634 0.000643198 0.0189182  0.011105  -9.80898 
                20.5  0.209516 -0.369974  0.935409 0.00620139  0.0229075 0.00998677    0.0626326    -0.119732 -2.58616e-05 -3.53139e-05 -6.94177e-05 -0.000215111 -0.000436664  -0.00614196   0.00109429  3.61522e-05 -2.12049e-05  1.07434e-05 -0.0214606 -0.0112873 0.00065879 0.0188769 0.0111201  -9.80898 
                20.6  0.353915 -0.238403  0.943841 0.00741304  0.0235421  0.0114348    0.0629602    -0.119964 -3.32927e-05 -3.58546e-05 -6.81615e-05 -0.000216025   0.0029235 -0.00793424  0.00266214 -8.41962e-05 -0.000130365  4.21967e-06  -0.0215221   -0.011373 0.000512684 0.0189197 0.0111716  -9.80898 
                20.7 0.0210699 -0.218625  0.969658 0.00524755  0.0222992  0.0129963    0.0627914    -0.119437 -6.38739e-05 -3.63323e-05 -6.88351e-05 -0.000217849 -0.00149421 -0.00438748  0.00589103  0.000192116 -0.000146641 -1.72368e-05   -0.021382  -0.0113297 0.000391749 0.0188326  0.011137  -9.80898 
                20.8  0.039217 -0.328431  0.937248 0.00630609  0.0224921  0.0152688     0.062918    -0.119728 -6.68561e-05 -3.56972e-05 -6.98114e-05 -0.000217733 -0.00145695 -0.00170792  0.00912542 0.000176132 -5.3303e-05 9.63162e-06  -0.0214607  -0.0113632 0.000217655 0.0188851 0.0111528  -9.80898 
                20.9 -0.156215 -0.175177  0.964855 0.00548975  0.0197826  0.0159232    0.0623193    -0.119535 -4.48848e-05 -3.53642e-05 -6.88501e-05  -0.00022339 -0.000581537  -0.00076542   0.00851787  0.000336915 -0.000179785 -1.33801e-05   -0.021409  -0.0112041 0.000253621 0.0188542 0.0110511  -9.80898 
                  21  0.166187 -0.200235  0.956604  0.005442  0.020411 0.0086034    0.0625131    -0.119556 -5.72407e-05 -3.27882e-05 -7.76095e-05 -0.000221628 -6.56157e-05  -0.00406884   -0.0067238  7.03596e-05 -0.000158225 -6.50123e-06 -0.0214075 -0.0112532 0.00108337 0.0188489 0.0110973  -9.80898 
                21.1 0.0567697 -0.175163  0.951771 0.00599375  0.0203227  0.0069277    0.0625388    -0.119658 -5.89091e-05  -3.2453e-05 -7.77247e-05 -0.000221284  0.00238676 -0.00174772 -0.00864403  0.000160095 -0.000178136 -2.46927e-06 -0.0214343 -0.0112592 0.00118852 0.0188654 0.0111015  -9.80898 
                21.2  0.158252 -0.283886  0.918658 0.00581614  0.0216291   0.007415    0.0628505    -0.119615 -6.75127e-05 -3.21324e-05 -7.65819e-05 -0.000222584 -0.000272608  0.000205499  -0.00609558  7.58553e-05 -8.82092e-05  2.45462e-05 -0.0214231 -0.0113447 0.00104781 0.0188576 0.0111579  -9.80898 
                21.3  0.0958066 -0.0573005   0.973652 0.00398998  0.0216026 0.00487073     0.062834    -0.119172 -7.83454e-05 -3.02969e-05 -7.65544e-05 -0.000224789 0.000622452 0.000946228 -0.00974267  0.000126507 -0.000273539 -2.01714e-05  -0.021301 -0.0113397 0.00124297 0.0187798 0.0111476  -9.80898 
                21.4  0.0528013 0.00249063    0.98035 0.00285085  0.0211564 0.00456574   0.0627077   -0.118876 -8.3627e-05 -3.09237e-05 -7.63024e-05 -0.000226454  0.00219442  0.00170613 -0.00856309  0.000161011 -0.000321312 -2.55375e-05 -0.0212213 -0.0113067 0.00117742 0.0187311 0.0111266  -9.80898 
                21.5 0.0050484   -0.2605  0.994855 0.00286323  0.0208183 0.00728134    0.0625578    -0.118876 -8.93429e-05 -2.81506e-05 -7.72895e-05  -0.00022583 -0.00113509   0.0035625 -0.00327278  0.000199015 -0.000106214 -3.73814e-05  -0.0212261  -0.0112704 0.000828547 0.0187417 0.0111138  -9.80898 
                21.6 0.0752909 -0.170987  0.992026 0.00470033  0.0219279  0.0067758    0.0627019    -0.119229 -8.94059e-05 -2.82555e-05  -7.7347e-05  -0.00022653  0.00471235   0.0052664 -0.00266522  0.000141042 -0.000179076 -3.48696e-05  -0.0213223  -0.0113094 0.000851609 0.0188001 0.0111405  -9.80898 
                21.7  0.193867 -0.109532  0.943197 0.00494809  0.0229273 0.00770755    0.0628186    -0.119144 -8.81318e-05 -2.90283e-05 -7.63011e-05 -0.000227307   0.00668169   0.00462234 -0.000277082  4.43751e-05 -0.000227146  4.89658e-06  -0.0213002  -0.0113433 0.000726628 0.0187904 0.0111657  -9.80898 
                21.8 -0.0365926  -0.344127   0.960396 0.00552466   0.022127  0.0086525     0.062502    -0.119184 -7.65523e-05 -2.82295e-05 -7.63994e-05 -0.000228815  0.0030278 0.00638258 0.00142192  0.000230839 -3.63063e-05 -9.34832e-06  -0.021313 -0.0112558 0.00063707 0.0188044 0.0111156  -9.80898 
                21.9  0.111183 -0.327866  0.908969 0.00631944  0.0230679  0.0101761    0.0625719    -0.119281 -8.17061e-05 -2.76328e-05 -7.53113e-05  -0.00022939 0.00258317 0.00647259   0.004126   0.00011057 -4.94548e-05  3.22138e-05  -0.0213418  -0.0112775 0.000494921 0.0188275 0.0111358  -9.80898 
                  22 0.229831 -0.32787 0.934288 0.00625321  0.0241659  0.0117252    0.0626871    -0.119225 -8.60818e-05 -2.73865e-05 -7.41408e-05 -0.000230116 0.000456156  0.00521127  0.00637106  1.47067e-05 -4.78434e-05  1.17588e-05  -0.0213277  -0.0113114 0.000379227 0.0188218 0.0111606  -9.80898 
                22.1  0.238922 -0.345552  0.934498 0.00724252   0.024166  0.0100499    0.0626231    -0.119446 -7.73207e-05 -2.77266e-05 -7.54731e-05 -0.000229805 -0.000353106   0.00182559   0.00182824  7.50694e-06 -3.33707e-05   1.1454e-05  -0.0213871  -0.0112898 0.000607156 0.0188533 0.0111412  -9.80898 
                22.2  0.309391 -0.234932   0.90441 0.00893459  0.0263392 0.00925895    0.0630287    -0.119772 -8.26908e-05 -2.76791e-05 -7.57683e-05 -0.000229379  0.00424163  0.00233876 0.000996546 -4.82369e-05 -0.000120863  3.54169e-05  -0.0214766  -0.0114008 0.000704396 0.0189041 0.0112082  -9.80898 
                22.3   0.17877 -0.242221  0.951707 0.0102864  0.024821 0.0097093    0.0626812    -0.119954 -7.26196e-05 -2.82033e-05 -7.58787e-05 -0.000229968  0.0061962 -0.0010164 0.00155942  5.49115e-05 -0.000115448 -2.09008e-06  -0.0215278  -0.0113038 0.000676435 0.0189367 0.0111511  -9.80898 
                22.4  0.107449 -0.309841  0.978493 0.00917006   0.023459 0.00933567    0.0624347     -0.11965 -8.39757e-05 -2.87778e-05 -7.46484e-05 -0.000231438  0.00172774 -0.00277091  0.00123818  0.000110825 -6.24524e-05 -2.33666e-05  -0.0214435  -0.0112358 0.000731214 0.0188868 0.0111099  -9.80898 
                22.5 0.0412452  -0.28866  0.940892 0.00653965  0.0208277   0.010147    0.0619882    -0.119123 -9.28789e-05 -2.89616e-05 -7.51079e-05 -0.000234803 -0.00398408 -0.00539084  0.00432977  0.000162491 -7.90048e-05   6.2405e-06  -0.0212975  -0.0111129 0.000666149 0.0187985 0.0110341  -9.80898 
                22.6  0.193247 -0.269084  0.930325 0.00665328  0.0228259   0.012411    0.0625017    -0.119235 -9.79704e-05 -2.96668e-05 -7.40914e-05 -0.000235524 -0.00263567 -0.00211405  0.00741509   4.0614e-05 -9.37066e-05  1.47177e-05  -0.0213274  -0.0112553 0.000471737 0.0188121 0.0111161  -9.80898 
                22.7  0.229992 -0.215996  0.946052 0.00514523  0.0215456 0.00958203    0.0623196    -0.118971 -9.78261e-05 -2.80888e-05 -7.54159e-05  -0.00023558 -0.00372464 -0.00669506 0.000828709  1.14742e-05 -0.000133435  2.21228e-06  -0.0212533   -0.011205 0.000815584 0.0187757 0.0110908  -9.80898 
                22.8  0.278159 -0.200388  0.975726 0.00725061  0.0230075 0.00861046   0.0627339   -0.119439 -0.00010397   -2.725e-05 -7.63204e-05 -0.000235695   0.00269239  -0.00541672 -0.000867401 -2.68498e-05 -0.000144497 -2.11599e-05  -0.0213806  -0.0113171 0.000910876 0.0188529 0.0111605  -9.80898 
                22.9  0.157538 -0.207569  0.949591 0.00830234  0.0229279 0.00914578    0.0627979    -0.119589 -0.000103533 -2.74074e-05 -7.64029e-05  -0.00023533  0.00533879 -0.00395174 0.000411819   6.8617e-05 -0.000137475 -4.32242e-07   -0.021423  -0.0113346 0.000853805 0.0188768 0.0111703  -9.80898 
                  23 0.100354 -0.34909 0.947667 0.00810453  0.0219858 0.00856392    0.0626812    -0.119504 -9.80463e-05 -2.79498e-05 -7.60334e-05  -0.00023517  0.00159685 -0.00437508 -0.00066608  0.00011363 -2.4447e-05 7.90706e-07   -0.021398   -0.011302 0.000913639 0.0188629 0.0111522  -9.80898 
                23.1 0.0137199 -0.198548  0.961658 0.00590977  0.0191628  0.0103114    0.0622227    -0.119008 -5.46797e-05 -2.87029e-05 -7.73783e-05 -0.000238376  -0.001008 -0.0061062 0.00280532  0.000181522 -0.000142891 -1.02075e-05  -0.0212649  -0.0111758 0.000742352 0.0187844 0.0110703  -9.80898 
                23.2 0.0551149 -0.203794  0.945225 0.00615745  0.0190586  0.0097206   0.0623083   -0.119096 -6.1844e-05 -2.85732e-05 -7.71033e-05  -0.00023812 0.000127951 -0.00448841  0.00180162  0.000148144 -0.000139012    2.772e-06  -0.0212864  -0.0111995 0.000827473 0.0187973 0.0110867  -9.80898 
                23.3 0.0460811 -0.176236  0.964008 0.00564533  0.0189144  0.0107235    0.0623521    -0.118979 -6.54684e-05 -2.87471e-05  -7.7112e-05 -0.000238349 0.000724829 -0.00228354  0.00351926  0.000154436  -0.00015958 -1.19924e-05  -0.0212559  -0.0112126 0.000748463 0.0187791 0.0110928  -9.80898 
                23.4 0.0113483 -0.168177  0.955237 0.00515611  0.0199797  0.0111726    0.0625599    -0.118867 -8.19114e-05 -2.88114e-05 -7.71121e-05 -0.000238362 0.00122696 0.00241951 0.00391834  0.000180807 -0.000164677  -5.0758e-06 -0.0212239 -0.0112717 0.00073643 0.0187598 0.0111269  -9.80898 
                23.5 0.0759047 -0.290251  0.860136 0.0068123 0.0201415 0.0122712   0.0625435   -0.119188 -8.0732e-05 -2.82951e-05 -7.56388e-05 -0.000239821 0.00317071 0.00263308 0.00540141  0.000129852 -6.77632e-05  6.91707e-05  -0.0213179  -0.0112682 0.000670586 0.0188148 0.0111281  -9.80898 
                23.6  0.149745 -0.251945   0.98219 0.00626851  0.0224177 0.00764619    0.0629416    -0.119075 -0.000117338 -2.86484e-05 -7.87631e-05 -0.000241094  0.00171382  0.00467597 -0.00500336   7.1179e-05 -9.68729e-05  -2.6226e-05 -0.0212691 -0.0113779  0.0011455 0.0187798 0.0111802  -9.80898 
                23.7  0.349471 -0.409899  0.933796 0.00838936  0.0218513 0.00731885    0.0628283    -0.119485 -9.76903e-05 -2.85553e-05 -7.87924e-05 -0.000242347  0.00286535 -0.00249309 -0.00432002 -8.41404e-05   2.5252e-05  1.09908e-05 -0.0213872 -0.0113457 0.00113301 0.0188478 0.0111637  -9.80898 
                23.8  0.169696 -0.314642  0.914917 0.00658342  0.0213632  0.0065797    0.0627598    -0.119108 -0.000112377 -2.83269e-05 -7.86544e-05 -0.000242041 -0.00109516  -0.0021646 -0.00478658  5.55392e-05 -4.66403e-05  2.58434e-05 -0.0212749 -0.0113265 0.00116404 0.0187832 0.0111503  -9.80898 
                23.9 0.111272 -0.12314 0.899909 0.00572909  0.0210136  0.0067438    0.0627183    -0.118917 -0.000109779 -2.91781e-05 -7.91989e-05  -0.00024333   0.0012129 -0.00138416 -0.00342531  0.000100478 -0.000194037  3.76818e-05 -0.0212204  -0.011316 0.00110237 0.0187519 0.0111446  -9.80898 
                  24  0.124379 -0.309429   0.94583 0.00607821  0.0215327 0.00702354   0.0628293   -0.119004 -0.00011636 -2.86478e-05 -7.95383e-05   -0.0002428 -0.000233917 -6.52779e-05  -0.00207156    8.97e-05 -4.8737e-05 1.73262e-06 -0.0212487 -0.0113503 0.00104234 0.0187678 0.0111649  -9.80898 
                24.1  0.230404 -0.137939  0.998257 0.00776953  0.0235828 0.00644589    0.063209   -0.119266 -0.00015269 -2.77408e-05 -8.02699e-05 -0.000241833 0.00687764 0.00166429 -0.0024122  7.39469e-06 -0.000179824 -3.81762e-05 -0.0213262 -0.0114634 0.00106916 0.0188129 0.0112288  -9.80898 
                24.2 0.149935 -0.24236 0.956501 0.00857739  0.0243645 0.00904285    0.0632991    -0.119291 -0.000156753 -2.76441e-05 -8.10961e-05 -0.000241285 0.00679693 0.00370918 0.00310161  6.87995e-05 -9.69807e-05 -6.39735e-06  -0.0213445  -0.0114924 0.000805764 0.0188223 0.0112447  -9.80898 
                24.3 0.196508 -0.33887 0.935129 0.00883574  0.0240352 0.00821994     0.063202    -0.119264 -0.000149191 -2.82097e-05 -8.12167e-05 -0.000241005  0.00415656 0.000687283  0.00109351  3.31001e-05 -2.22829e-05  9.69211e-06  -0.0213323  -0.0114627 0.000909303 0.0188154 0.0112286  -9.80898 
                24.4  0.279633 -0.435895  0.962362  0.0101732  0.0238123 0.00731176    0.0631866    -0.119484 -0.000141739 -2.91404e-05 -8.17096e-05 -0.000242286   0.00297889  -0.00316102 -0.000667867 -3.08018e-05  5.12356e-05 -1.15444e-05 -0.0213945 -0.0114575 0.00100158 0.0188504 0.0112277  -9.80898 
                24.5  0.123141 -0.302308   0.98931 0.00930092  0.0235568  0.0120604    0.0631857    -0.119227 -0.000137612 -3.02075e-05 -8.44562e-05 -0.000242479  0.000873679 -0.000792486   0.00842156  8.85702e-05 -5.08766e-05 -3.17503e-05  -0.0213355  -0.0114586 0.000567481 0.0188148  0.011219  -9.80898 
                24.6 0.0994737 -0.327906  0.920171 0.00802732  0.0228008  0.0145111    0.0630808    -0.118998 -0.000130664   -3.019e-05 -8.59622e-05 -0.000243255 -0.00397435 -0.00112923   0.0112219 0.000106432 -3.0619e-05 2.07013e-05  -0.0212733  -0.0114268 0.000419438 0.0187783 0.0111958  -9.80898 
                24.7  0.247665 -0.171376  0.985105 0.0071951 0.0240446 0.0123709    0.0633299    -0.118902 -0.000161517 -2.72283e-05  -8.7345e-05 -0.000244523  -0.0025868 -0.00185056  0.00477375 -5.49573e-06 -0.000147266 -2.76587e-05  -0.0212322   -0.011503 0.000706618 0.0187607 0.0112447  -9.80898 
                24.8 0.0852481 -0.214986   0.94689 0.00646052  0.0240142  0.0131469     0.063321    -0.118819 -0.000166263 -2.74427e-05 -8.74537e-05 -0.000244587 -0.00339569 0.000429434  0.00587126  0.000118307 -0.000115879  1.46316e-06  -0.0212085  -0.0115005 0.000680438  0.018747 0.0112419  -9.80898 
                24.9  0.199409 -0.184039  0.932248 0.00561519  0.0243831  0.0119727    0.0634015    -0.118724 -0.000173328 -2.69098e-05 -8.79404e-05 -0.000244799 -0.00350617 -0.00118156  0.00261674  3.09801e-05 -0.000139965  1.26617e-05   -0.021174  -0.0115253 0.000836893 0.0187313 0.0112586  -9.80898 
                  25  0.146933 -0.131368  0.978076 0.00514411  0.0235235  0.0114844    0.0632706    -0.118673 -0.000168985 -2.67284e-05 -8.78367e-05 -0.000244974 -0.00171458 -0.00262775   0.0011716  7.07369e-05 -0.000179125 -2.21447e-05  -0.0211566  -0.0114851 0.000906995 0.0187237 0.0112373  -9.80898 
                25.1 0.0285998 -0.220455  0.941684 0.00703829    0.02202  0.0150784    0.0630393    -0.119015 -0.000153443 -2.57502e-05 -8.97364e-05 -0.000247221  0.00162029 -0.00207975  0.00689448  0.000160206 -0.000110093  5.42197e-06  -0.0212726  -0.0114143 0.000601108 0.0187857 0.0111953  -9.80898 
                25.2  0.0252509 -0.0970276   0.880961 0.00677792  0.0214838  0.0159757    0.0629747    -0.118894 -0.000150028 -2.57042e-05 -9.01165e-05 -0.000247589   0.00349862 -0.000931989   0.00726064 0.000162219 -0.00020036 5.08485e-05  -0.0212354  -0.0113944 0.000583495 0.0187658 0.0111831  -9.80898 
                25.3 0.0398777 -0.376393  0.955295 0.00786062  0.0212907  0.0143984    0.0629534    -0.119093 -0.000140288 -2.90746e-05 -9.01739e-05 -0.000249216  0.000493936 -0.000448225   0.00289348  0.000150404  1.08307e-05 -5.56502e-06  -0.0212949  -0.0113834 0.000789636 0.0187958 0.0111792  -9.80898 
                25.4 0.0648125 -0.335213  0.939394 0.00500387  0.0201642  0.0151989    0.0627829    -0.118612 -0.000137943 -2.88801e-05 -8.98002e-05 -0.000246447 -0.00706093 -0.00154369  0.00378609  0.000131077 -2.06005e-05  6.40051e-06  -0.0211434  -0.0113317 0.000743722 0.0187147 0.0111488  -9.80898 
                25.5 -0.179402 -0.214193   1.03008 0.0056036 0.0185268 0.0147303    0.0624608    -0.118793 -0.000131425 -2.93817e-05 -8.92733e-05 -0.000247887 -0.00335214  0.00209214  0.00196262  0.000313731 -0.000111466  -6.1871e-05  -0.0211998  -0.0112281 0.000828006 0.0187439 0.0110905  -9.80898 
                25.6 0.0590693 -0.207498   0.97531 0.00527253  0.0204666 0.00759773    0.0628168    -0.118805 -0.000142745  -2.6852e-05  -9.4675e-05 -0.000248103 -0.00303193   0.0032835  -0.0116883  0.000134004 -0.000114736 -2.05736e-05 -0.0211979 -0.0113302 0.00147162 0.0187363 0.0111244  -9.80898 
                25.7 0.0123395 -0.272745  0.900522 0.00275572  0.0214079 0.00583726    0.0629027     -0.11846 -0.000144748 -2.73035e-05  -9.6411e-05 -0.000247927 -0.00901106  0.00661571  -0.0129197  0.000168569 -6.57866e-05  3.53536e-05 -0.0210856 -0.0113563  0.0015233 0.0186752 0.0111333  -9.80898 
                25.8  0.0423223 -0.0585772   0.979972 0.00484823  0.0241385 0.00829999    0.0631621    -0.118895 -0.000127811 -3.13384e-05 -9.52816e-05 -0.000244724 0.000976722   0.0125812 -0.00584931  0.000145085 -0.000225528 -2.40084e-05 -0.0212228 -0.0114471 0.00118682 0.0187482 0.0112076  -9.80898 
                25.9   0.20296 -0.042895  0.941068 0.00534012  0.0262474 0.00774876    0.0633287    -0.118932 -0.000119645 -3.14334e-05 -9.49251e-05 -0.000246066  0.00457556   0.0120531 -0.00576972  2.46017e-05 -0.000236473  5.13851e-06 -0.0212331 -0.0115012 0.00117999 0.0187528 0.0112378  -9.80898 
                  26  0.103686 -0.201818  0.960736 0.00724258  0.0258833 0.00687498    0.0630729    -0.119183 -0.000119464 -3.22276e-05 -9.47755e-05 -0.000247422  0.00758515  0.00980481 -0.00604312  9.85616e-05  -0.00011732 -9.84098e-06 -0.0213158  -0.011416 0.00121583 0.0187972 0.0111919  -9.80898 
                26.1  0.107062 -0.371176  0.957494  0.0112792   0.024743 0.00638543    0.0627363    -0.119753 -0.000113962 -3.27972e-05 -9.45845e-05 -0.000254957   0.0112222  0.00556631 -0.00595415  9.60162e-05  4.07764e-06 -7.75292e-06 -0.0215033 -0.0113063 0.00121089 0.0188979 0.0111394  -9.80898 
                26.2 -0.00525357   -0.345829    0.894151 0.00797816  0.0222666 0.00733871    0.0622401    -0.119053 -0.000144162 -3.07629e-05 -9.72829e-05 -0.000253492 0.000313778  0.00295751 -0.00424093  0.000177839 -1.55581e-05  3.84668e-05 -0.0212767 -0.0111489 0.00107917 0.0187848 0.0110578  -9.80898 
                26.3 0.0756052 -0.270894  0.951857 0.00592149  0.0224406 0.00804401   0.0622228   -0.118713 -0.00014786 -3.11042e-05 -9.67912e-05 -0.000253857  -0.0034789   0.0032781 -0.00115331  0.000118119 -7.15488e-05  -3.5526e-06  -0.0211651  -0.0111473 0.000984247 0.0187283 0.0110589  -9.80898 
                26.4  0.0880183 -0.0395452   0.915862 0.00472317  0.0222492  0.0103276    0.0621253     -0.11852 -0.000153427  -3.4841e-05 -9.65801e-05  -0.00025601 -0.000846898   0.00335998   0.00546344  0.000108652 -0.000239362  2.28183e-05  -0.0211011  -0.0111201 0.000773338 0.0186978 0.0110533  -9.80898 
                26.5 0.149615 -0.16648 0.977144 0.00684561  0.0230004  0.0123062    0.0621865    -0.118884 -0.000147332 -3.49431e-05 -9.70154e-05  -0.00025561 0.00385779 0.00360683 0.00827553  6.34085e-05 -0.000146989 -2.18687e-05  -0.0212198  -0.0111407 0.000646089 0.0187607 0.0110711  -9.80898 
                26.6    0.1451 -0.172139  0.935965 0.00654684  0.0230353  0.0137849    0.0621361    -0.118772 -0.000152335 -3.49584e-05  -9.6943e-05 -0.000255547 0.00357095 0.00290951  0.0095932  6.65021e-05 -0.000142988  7.92724e-06 -0.0211839 -0.0111257 0.00058871  0.018743 0.0110653  -9.80898 
                26.7  0.231752 -0.378991  0.964294 0.00791694  0.0227026  0.0128857    0.0620816    -0.118998 -0.000139819 -3.71983e-05 -9.80992e-05 -0.000257113  0.00228139 -0.00118376  0.00621431  3.59827e-06  8.03231e-06 -1.30936e-05  -0.0212557  -0.0111052 0.000746909 0.0187768 0.0110501  -9.80898 
                26.8 -0.0448684  -0.355813   0.976367 0.00762694  0.0218294  0.0113634    0.0619068    -0.118942 -0.000134319 -3.85156e-05  -9.4601e-05 -0.000258731 -0.000303092   0.00150971   0.00210622  0.000203502 -1.00516e-05 -2.17577e-05 -0.0212368 -0.0110478 0.00093306 0.0187633 0.0110165  -9.80898 
                26.9  0.118076 -0.223949  0.956281 0.0064626 0.0227931 0.0108925    0.0620643    -0.118747 -0.000132685  -3.8587e-05  -9.4419e-05 -0.000259442 -0.00135703   0.0020676 0.000985098  8.51351e-05 -0.000108767 -7.11744e-06  -0.0211733   -0.011097 0.000984025   0.01873 0.0110397  -9.80898 
                  27  0.169472 -0.301171  0.899154 0.00679806  0.0237245 0.00841493    0.0621948    -0.118855 -0.000129449  -3.9121e-05 -9.48055e-05 -0.000259579 -0.00182013  0.00193423 -0.00387138  4.80617e-05 -5.32956e-05  3.37938e-05 -0.0212057  -0.011136 0.00120077 0.0187455 0.0110567  -9.80898 
                27.1 0.0987191 -0.211214  0.913778 0.00486781  0.0225457   0.011217    0.0619696    -0.118577 -0.000122899 -4.03479e-05 -9.58968e-05 -0.000261241 -0.00468782 0.000869993   0.0020916  9.84794e-05 -0.000117611  2.33159e-05  -0.0211165  -0.0110675 0.000931646 0.0186998 0.0110238  -9.80898 
                27.2  0.107371 -0.261855  0.925814 0.00522421  0.0215792  0.0100979    0.0618156    -0.118713 -0.000117754 -4.04071e-05 -9.58289e-05 -0.000261151 -0.00362554 -0.00128816  -0.0004543  9.20004e-05 -8.15893e-05  1.45352e-05 -0.0211615 -0.0110152 0.00104559 0.0187239 0.0109966  -9.80898 
                27.3  0.502786 -0.398392  0.934987 0.00546722  0.0258926 0.00850677    0.0625826    -0.118866 -0.000135036  -4.0205e-05 -9.66589e-05 -0.000273721 -0.00594632 -0.00179105 -0.00302867 -0.000190778  1.54766e-05  7.44316e-06 -0.0212096 -0.0112681  0.0011576  0.018749 0.0111244  -9.80898 
                27.4 0.0914969 -0.365324  0.855673 0.00878476  0.0215503 0.00967678    0.0619045    -0.119458 -5.78257e-05 -3.79279e-05  -9.4004e-05 -0.000281189  0.000390614  -0.00648271 -0.000662401  0.000103823 -8.85641e-06  6.40966e-05 -0.0214177 -0.0110379 0.00105154 0.0188516 0.0110088  -9.80898 
                27.5 0.0883758 -0.383572  0.920315 0.00847579  0.0214525 0.00986179    0.0619786    -0.119435 -6.10496e-05 -3.77693e-05  -9.4168e-05 -0.000280623 -0.00316132 -0.00471756 -0.00122581 0.000105283 4.79473e-06 1.76903e-05 -0.0214096 -0.0110634 0.00102812 0.0188473 0.0110213  -9.80898 
                27.6  0.218146 -0.358286  0.969891 0.00855272   0.022669 0.00852869    0.0622449    -0.119498 -6.77999e-05 -3.68295e-05 -9.44592e-05 -0.000280784 -0.00366369 -0.00391416 -0.00250995  1.22642e-05 -1.45852e-05 -1.75653e-05 -0.0214319 -0.0111537 0.00113059 0.0188636 0.0110685  -9.80898 
                27.7  0.324291 -0.380534  0.940865 0.00896342   0.021942 0.00636685    0.0622336    -0.119623 -6.42657e-05 -3.66636e-05 -9.57726e-05 -0.000280304 -0.00416488 -0.00883865 -0.00602727 -6.27065e-05  1.43209e-06  2.95989e-06 -0.0214772 -0.0111494 0.00128607 0.0188929 0.0110694  -9.80898 
                27.8     0.32989 -0.00497231    0.953744 0.00603208  0.0224419 0.00712924    0.0624443    -0.119191 -7.92721e-05 -4.06599e-05 -9.49278e-05 -0.000289841 -0.00329578 -0.00859336 -0.00341927 -6.66284e-05 -0.000264296 -4.69569e-06  -0.021324 -0.0112249 0.00116697 0.0188116 0.0111052  -9.80898 
                27.9  0.221182 -0.128977  0.970911 0.00395765   0.022058 0.00948674     0.062525     -0.11898 -8.87943e-05 -4.23157e-05 -9.60258e-05 -0.000289779 -0.00606743 -0.00773528  0.00165429  1.04004e-05  -0.00017781 -1.73153e-05   -0.021246  -0.0112515 0.000944716 0.0187615 0.0111091  -9.80898 
                  28 -0.0479521  -0.027113   0.926379 0.00226661  0.0216946   0.010263    0.0625225    -0.118796 -9.23442e-05 -4.27827e-05 -9.71267e-05 -0.000290265 -0.00452474 -0.00195404   0.0026829  0.000200496 -0.000248355  1.43172e-05  -0.0211812  -0.0112502 0.000897585 0.0187273 0.0111061  -9.80898 
                28.1  0.210025 -0.165837  0.951457 0.00249552   0.022929 0.00977641    0.0627655    -0.118911 -9.33213e-05 -4.28587e-05 -9.69793e-05 -0.000291052 -0.00291446 -0.00251771  0.00142619  1.76201e-05 -0.000151543 -3.55674e-06  -0.0212218  -0.0113352 0.000953813 0.0187497 0.0111513  -9.80898 
                28.2  0.106696 -0.248038  0.926094 0.00358763   0.023294 0.00988428    0.0628288    -0.119132 -8.93886e-05 -4.30175e-05  -9.6637e-05 -0.000293025 -0.000653769 -0.000266836   0.00138281 9.05026e-05 -9.3378e-05 1.42135e-05  -0.0212997  -0.0113568 0.000957389 0.0187878 0.0111629  -9.80898 
                28.3  0.340658 -0.219634  0.932933 0.00642867  0.0243361 0.00988019     0.063032    -0.119549 -9.78573e-05 -4.32085e-05 -9.58878e-05 -0.000296812   0.0058127 -0.00324803  0.00127331 -7.53326e-05 -0.000112707  9.41287e-06  -0.0214468  -0.0114267 0.000961949 0.0188601 0.0111997  -9.80898 
                28.4  0.219695 -0.247547  0.946977  0.007215 0.0231462 0.0100809    0.0629058    -0.119591 -9.34487e-05 -4.32592e-05 -9.58027e-05 -0.000296854  0.00582495 -0.00553197  0.00131393  1.03808e-05 -9.25532e-05 -6.52392e-07 -0.0214619  -0.011382 0.00095825 0.0188672 0.0111777  -9.80898 
                28.5  0.209574 -0.371132  0.933556 0.00630424  0.0229415  0.0100528     0.062962    -0.119421 -0.000102108 -4.34127e-05 -9.59331e-05 -0.000295166 -0.000340135  -0.00604681  0.000972585  1.74544e-05 -6.13156e-06  8.42336e-06  -0.0214011  -0.0114025 0.000969683 0.0188375 0.0111875  -9.80898 
                28.6  0.354142 -0.239401  0.941908 0.00744352  0.0235713   0.011484    0.0631843    -0.119568 -0.000110379 -4.39569e-05  -9.4671e-05 -0.000296082 0.00291926 -0.0078579  0.0036145  -8.4185e-05 -9.76241e-05  2.97871e-06  -0.0214543  -0.0114791 0.000854546 0.0188664 0.0112205  -9.80898 
                28.7 0.0213828 -0.219204  0.967557 0.00522466  0.0223209  0.0130587    0.0630715    -0.119214 -0.000139041 -4.44401e-05 -9.53665e-05 -0.000297933  -0.0016483 -0.00428679  0.00584038     0.000149  -0.00011233 -1.49987e-05 -0.0213274 -0.0114399  0.0007585 0.0188076 0.0111959  -9.80898 
                28.8  0.039287 -0.328127  0.935406 0.00628851  0.0225141  0.0153305    0.0631608    -0.119414 -0.000141291 -4.38112e-05 -9.63417e-05 -0.000297838 -0.00128279 -0.00162944  0.00910589 0.000135791 -3.6384e-05 7.61411e-06 -0.0214003 -0.0114699 0.00062037 0.0188443 0.0112044  -9.80898 
                28.9 -0.156674 -0.175293   0.96269 0.00548271  0.0198064  0.0159717    0.0627533    -0.119285 -0.000127168 -4.34801e-05 -9.53734e-05 -0.000303518 -0.000192454 -0.000643363   0.00850491  0.000273024 -0.000144279 -1.17239e-05  -0.0213544  -0.0113252 0.000648851 0.0188234 0.0111355  -9.80898 
                  29  0.166331 -0.200257  0.954289 0.00544867  0.0204339 0.00865758    0.0628712    -0.119295 -0.000136693 -4.09355e-05 -0.000104138 -0.000301744 0.000453622 -0.00395956 -0.00665409  4.68422e-05   -0.0001247 -5.80264e-06 -0.0213533 -0.0113685 0.00130504 0.0188208 0.0111708  -9.80898 
                29.1 0.0566742 -0.175447  0.949561 0.00601093  0.0203457 0.00698475   0.0628874   -0.119364 -0.00013849 -4.06091e-05 -0.000104251 -0.000301403  0.00270823 -0.00165009 -0.00860361  0.000122735 -0.000142031 -2.48466e-06 -0.0213777 -0.0113734 0.00138756 0.0188321 0.0111734  -9.80898 
                29.2  0.158428 -0.284291  0.916517 0.00584024  0.0216503 0.00746287    0.0630958    -0.119336 -0.000144151 -4.02706e-05 -0.000103097 -0.000302703 0.000189139 0.000298115 -0.00603727  5.17448e-05 -6.67823e-05  2.02424e-05 -0.0213673  -0.011451 0.00127512 0.0188268 0.0112122  -9.80898 
                29.3  0.0959145 -0.0573539   0.971481 0.00401156   0.021623 0.00491896    0.0630845    -0.119033 -0.000152837 -3.84551e-05 -0.000103064   -0.0003049 0.000908084  0.00103574 -0.00970873  9.48307e-05 -0.000224848 -1.76949e-05 -0.0212551 -0.0114462 0.00142945 0.0187734 0.0112041  -9.80898 
                29.4  0.0525796 0.00251664   0.978232 0.00290868  0.0211761 0.00455044    0.0629955    -0.118832 -0.000157807 -3.90967e-05  -0.00010281 -0.000306563  0.00297109  0.00181534 -0.00932892  0.000124469 -0.000267496  -2.2296e-05 -0.0211818 -0.0114154 0.00137584 0.0187401 0.0111898  -9.80898 
                29.5 0.00576159  -0.260665   0.992882 0.00292276  0.0208456 0.00720769    0.0628868    -0.118823 -0.000164984 -3.62459e-05 -0.000103791 -0.000305893 -0.00111192  0.00366376 -0.00357091  0.000156267 -8.60934e-05 -3.24695e-05 -0.0211848 -0.0113817  0.0010925 0.0187482 0.0111833  -9.80898 
                29.6 0.0761489  -0.17152  0.989957 0.00474134  0.0219693 0.00668305    0.0629819    -0.119055 -0.000165706 -3.63409e-05 -0.000103831 -0.000306598  0.00439912  0.00540755 -0.00452375  0.000108627 -0.000147933 -3.04513e-05 -0.0212721 -0.0114171 0.00110489  0.018788 0.0112017  -9.80898 
                29.7  0.195863 -0.111529  0.940953 0.00498247  0.0229686 0.00752547    0.0630558    -0.118996 -0.000163053 -3.71256e-05 -0.000102697 -0.000307373  0.00594096  0.00476571 -0.00207127  2.47672e-05 -0.000191054  4.06801e-06  -0.0212514  -0.0114481 0.000997326 0.0187825 0.0112204  -9.80898 
                29.8 -0.0344912  -0.345524   0.958421 0.00550604  0.0221846  0.0084366    0.0628453    -0.119015 -0.000154787 -3.61856e-05 -0.000102875 -0.000308784  0.00310818  0.00652924 3.47315e-05  0.000185541 -2.55191e-05 -8.46238e-06   -0.021262  -0.0113674 0.000916362 0.0187929 0.0111868  -9.80898 
                29.9  0.112623 -0.328036  0.906794 0.00628178  0.0231225  0.0099381    0.0628834    -0.119077 -0.000158621 -3.55104e-05  -0.00010174 -0.000309364  0.0026988 0.00661848 0.00294784 8.56833e-05 -4.0189e-05 2.63951e-05 -0.0212888 -0.0113864 0.00079218 0.0188108 0.0112022  -9.80898 
                  30  0.231317 -0.327896  0.932115 0.00622358  0.0242202  0.0115028     0.062953    -0.119042 -0.000160232 -3.52203e-05 -0.000100434 -0.000310102 0.000644123  0.00534802  0.00543413  3.85341e-06 -4.08662e-05  8.88565e-06  -0.0212766  -0.0114168 0.000688049 0.0188084 0.0112205  -9.80898 
                30.1  0.215507 -0.364973  0.904969 0.00783554  0.0235542  0.0102951    0.0628214    -0.119274 -0.000146894 -3.53873e-05 -0.000100874 -0.000309925 0.00146776 0.00119484  0.0026211  1.47031e-05 -1.60047e-05  2.72963e-05  -0.0213665  -0.0113607 0.000829965 0.0188472 0.0111916  -9.80898 
                30.2 0.305177 -0.24131 0.897801 0.00944038  0.0259149 0.00956618    0.0631293    -0.119459 -0.000149772 -3.53174e-05 -0.000101316 -0.000310005 0.00528675 0.00219958 0.00203164 -4.18691e-05 -9.31953e-05  3.16757e-05  -0.0214369  -0.0114765 0.000908574 0.0188766  0.011243  -9.80898 
                30.3  0.176054 -0.245889  0.950087  0.010664  0.024589 0.0100273    0.0629203    -0.119553 -0.000144776 -3.58923e-05 -0.000101435 -0.000310495   0.00678317 -0.000728137   0.00243352 4.54827e-05 -9.0666e-05 -4.1389e-06  -0.0214725  -0.0113972 0.000892703 0.0188931 0.0112081  -9.80898 
                30.4  0.106443 -0.314651  0.976782  0.0094239  0.0233607 0.00965698    0.0627616    -0.119323 -0.000155394 -3.64747e-05 -0.000100041 -0.000311834  0.00125606 -0.00227409  0.00123795  9.25857e-05 -4.27879e-05 -2.25871e-05  -0.0213874  -0.0113398 0.000941044 0.0188554 0.0111831  -9.80898 
                30.5  0.039634 -0.290608  0.938999 0.00657935  0.0208131  0.0103477     0.062454    -0.118942 -0.000160735 -3.67286e-05 -0.000100299 -0.000315185 -0.00526563  -0.0047774  0.00229229  0.000137653 -5.92436e-05  3.20388e-06  -0.0212473  -0.0112285 0.000897126 0.0187915 0.0111335  -9.80898 
                30.6  0.192513 -0.269454  0.928174 0.00650646  0.0228813   0.012446    0.0628128    -0.119019 -0.000163486 -3.74314e-05 -9.92612e-05 -0.000315987 -0.00481447 -0.00148941  0.00603556  3.26522e-05 -7.34451e-05  1.06559e-05  -0.0212735  -0.0113599 0.000744237 0.0187999 0.0111887  -9.80898 
                30.7  0.229992 -0.215517  0.943817 0.00483973  0.0216417 0.00957082     0.062681    -0.118837 -0.000166776 -3.58029e-05 -0.000100661 -0.000315973 -0.00608461 -0.00611853  0.00126509   7.1732e-06 -0.000110664  2.48682e-09  -0.021209 -0.0113121 0.00102034 0.0187795 0.0111721  -9.80898 
                30.8 0.278313 -0.19821 0.973254 0.00688075  0.0231254 0.00867292    0.0629644    -0.119176 -0.000160068 -3.49744e-05 -0.000101587    -0.000316  0.000851378  -0.00490934 -0.000361945 -2.56998e-05 -0.000120496 -1.98106e-05 -0.0213348 -0.0114145 0.00109587 0.0188375 0.0112189  -9.80898 
                30.9  0.157156 -0.204428  0.946687 0.00793113  0.0230398 0.00927539    0.0630028    -0.119308 -0.000156157 -3.51409e-05 -0.000101623 -0.000315659  0.00407965 -0.00353808 0.000962003  5.74979e-05 -0.000115113 -1.51096e-06 -0.0213828 -0.0114278 0.00104929 0.0188572  0.011224  -9.80898 
                  31   0.09948 -0.346036  0.945258 0.00779837   0.022031 0.00878357    0.0629042    -0.119271 -0.000154444 -3.57187e-05 -0.000101194  -0.00031582 0.000785048 -0.00416732 0.000519106   9.6996e-05 -1.83562e-05 -7.83875e-07 -0.0213689 -0.0113921 0.00110092 0.0188519 0.0112099  -9.80898 
                31.1 0.0123371 -0.195921  0.959155 0.00571285  0.0191778   0.010667    0.0625707    -0.118944 -0.000127144 -3.64022e-05 -0.000102521 -0.000318985 -0.00118306 -0.00596081  0.00460348   0.00015644  -0.00012024 -1.02792e-05  -0.0212534  -0.0112724 0.000965719 0.0188007 0.0111521  -9.80898 
                31.2 0.0530102 -0.202394  0.942734 0.00612433  0.0190625  0.0100727    0.0626266    -0.119021 -0.000131269 -3.62613e-05 -0.000102192 -0.000318717  0.00101983 -0.00435781  0.00281734  0.000128001 -0.000114742  1.01067e-06 -0.0212786 -0.0112927 0.00104635 0.0188121 0.0111634  -9.80898 
                31.3 0.0445263 -0.175871  0.961773 0.00573086  0.0189184  0.0110661    0.0626569     -0.11894 -0.000134085 -3.63949e-05 -0.000102199  -0.00031891    0.001752 -0.00216532  0.00433112  0.000133194 -0.000131985 -1.20066e-05  -0.0212513   -0.011304 0.000990256 0.0188003 0.0111671  -9.80898 
                31.4 0.0100177 -0.168748  0.953035 0.00531231  0.0199769  0.0114716    0.0628051    -0.118854 -0.000149479 -3.64447e-05 -0.000102185 -0.000318902  0.0022102 0.00249529 0.00450203  0.000156019 -0.000135817  -6.0244e-06  -0.0212193  -0.0113585 0.000989746 0.0187863   0.01119  -9.80898 
                31.5 0.0744868 -0.291403  0.858215 0.00699929  0.0201348  0.0125311    0.0627908    -0.119076 -0.000149539 -3.59652e-05 -0.000100795 -0.000320327 0.00399774 0.00270785 0.00579086  0.000111829 -5.11989e-05   5.8417e-05  -0.0213041  -0.0113544 0.000943005 0.0188229 0.0111908  -9.80898 
                31.6  0.14914 -0.25351 0.980302 0.00644156  0.0224074 0.00794657   0.0630822      -0.119 -0.00018672 -3.64187e-05 -0.000103949 -0.000321558  0.00272329  0.00472375 -0.00295114  6.01341e-05 -7.64258e-05 -2.49221e-05 -0.0212535 -0.0114576 0.00134002 0.0187944 0.0112239  -9.80898 
                31.7  0.348973 -0.410139  0.931913  0.0085513  0.0218436 0.00769656    0.0630011    -0.119284 -0.000168168 -3.64185e-05 -0.000104136 -0.000322671  0.00343456 -0.00246782  -0.0027741 -7.57133e-05  3.19746e-05  7.61189e-06 -0.0213603 -0.0114272 0.00133773 0.0188393 0.0112122  -9.80898 
                31.8  0.168434 -0.317244  0.912929  0.0067158  0.0213501 0.00693415   0.0629508   -0.119006 -0.00018078 -3.61889e-05 -0.000103977 -0.000322366 -0.00255431 -0.00217087  -0.0043551  4.66034e-05 -3.04058e-05  2.06427e-05 -0.0212511  -0.011409 0.00137366 0.0187929 0.0112025  -9.80898 
                31.9  0.111643 -0.124517  0.898335 0.00570268  0.0209486   0.007018    0.0629135    -0.118861 -0.000176262 -3.68627e-05  -0.00010444 -0.000323795 -0.00137224 -0.00153946 -0.00351862  8.41391e-05 -0.000161643   3.0509e-05 -0.0211967 -0.0113967  0.0013329   0.01877 0.0111977  -9.80898 
                  32  0.122981 -0.310213  0.943505 0.00582784  0.0214759 0.00720229   0.0629943   -0.118922 -0.00018155 -3.63637e-05  -0.00010475 -0.000323253  -0.00337612 -0.000148554  -0.00374718  7.59703e-05 -3.51743e-05 -6.35327e-07 -0.0212228 -0.0114299 0.00129015  0.018781 0.0112121  -9.80898 
                32.1  0.229035 -0.136801  0.995613 0.00736318  0.0235298  0.0065236    0.0632644    -0.119121 -0.000204187 -3.54498e-05 -0.000105554  -0.00032207 0.00284926  0.0016099 -0.0037349  3.34868e-06 -0.000153083  -3.5625e-05 -0.0213025 -0.0115373 0.00131364 0.0188158 0.0112566  -9.80898 
                32.2  0.149277 -0.240686  0.953534 0.00797409  0.0243232 0.00896397  0.0633278  -0.119169 -0.0001989   -3.539e-05 -0.000106355 -0.000321559  0.00329014  0.00370027 0.000687859  5.73046e-05 -8.22059e-05 -7.20376e-06 -0.0213272 -0.0115655 0.00109397  0.018825 0.0112677  -9.80898 
                32.3  0.196475 -0.335313     0.932 0.00821421  0.0240134 0.00796939    0.0632632    -0.119183 -0.000199803 -3.59114e-05   -0.0001064 -0.000321565   0.0016081 0.000729035 -0.00116464   2.6595e-05 -1.88432e-05  6.51882e-06 -0.0213323 -0.0115377 0.00117572 0.0188273 0.0112568  -9.80898 
                32.4   0.27995 -0.431063  0.959413 0.00964033  0.0238156 0.00695187    0.0632557    -0.119363 -0.000196903  -3.6799e-05 -0.000106854 -0.000323383  0.00126937 -0.00305091 -0.00271234 -2.93715e-05  4.58385e-05 -1.21655e-05 -0.0214101 -0.0115332 0.00124404 0.0188603 0.0112566  -9.80898 
                32.5  0.124556 -0.297635  0.986253 0.00884382  0.0235725  0.0117082    0.0632594    -0.119248 -0.000192846 -3.80598e-05 -0.000109681 -0.000323517 -0.000310385 -0.000670303   0.00675687  7.45721e-05 -4.36621e-05 -2.98437e-05  -0.0213624  -0.0115348 0.000866097 0.0188365 0.0112484  -9.80898 
                32.6  0.101885 -0.321125  0.917383 0.00766042  0.0228148  0.0140906    0.0631902    -0.119126 -0.000192948 -3.80734e-05 -0.000111105 -0.000324286 -0.00361006 -0.00104386   0.0101044  8.95934e-05 -2.70961e-05  1.64252e-05  -0.0213117  -0.0115037 0.000737076 0.0188131 0.0112305  -9.80898 
                32.7 0.249368 -0.16958 0.982428 0.00704554  0.0240681  0.0121016    0.0633532    -0.119071 -0.000205672 -3.53522e-05 -0.000112417 -0.000325292 -0.00112158 -0.00173571  0.00478215 -9.65582e-06 -0.000128204 -2.69498e-05  -0.0212846   -0.011577 0.000959057  0.018807 0.0112673  -9.80898 
                32.8 0.0876124 -0.213253  0.944558 0.00640202  0.0240479  0.0130033    0.0633487    -0.119024 -0.000211079 -3.56103e-05 -0.000112603 -0.000325308 -0.00264945 0.000529608  0.00544265  9.89246e-05 -9.78275e-05 -1.56047e-06  -0.0212662  -0.0115749 0.000925926 0.0187986  0.011265  -9.80898 
                32.9 0.200706 -0.18039 0.930138 0.00562001  0.0244284  0.0118077    0.0634014    -0.118954 -0.000214234 -3.50908e-05 -0.000113073 -0.000325526 -0.00181778  -0.0010587  0.00245311  2.29076e-05 -0.000118936  8.14927e-06 -0.0212337 -0.0115988 0.00105414 0.0187883 0.0112778  -9.80898 
                  33  0.148149 -0.130338  0.976131 0.00527462   0.023571  0.0113891    0.0633077    -0.118919 -0.000210214 -3.49703e-05 -0.000112973   -0.0003257 0.000391156 -0.00250414   0.0013026  5.79178e-05 -0.000150188 -2.25617e-05  -0.021218 -0.0115599 0.00110485 0.0187833 0.0112628  -9.80898 
                33.1 0.0295691 -0.220618  0.939707 0.00727178  0.0220664   0.015072    0.0631491    -0.119149 -0.000197598 -3.39044e-05 -0.000114961 -0.000327973  0.0045737 -0.0019517 0.00799313  0.000136911 -9.00772e-05  1.73723e-06  -0.0213261  -0.0114914 0.000841671 0.0188259 0.0112308  -9.80898 
                33.2  0.0259339 -0.0984296   0.879039 0.00715785  0.0215253  0.0160925     0.063102    -0.119049 -0.000192271 -3.38651e-05 -0.000115412 -0.000328375   0.00699145 -0.000808522   0.00858411  0.000138928 -0.000170854  4.22656e-05  -0.0212852  -0.0114717 0.000824262 0.0188099 0.0112215  -9.80898 
                33.3 0.0401919 -0.376268  0.953771 0.00831997  0.0213308  0.0146573    0.0630853    -0.119177 -0.000180724 -3.71832e-05 -0.000115398  -0.00032958   0.00429887 -0.000313422   0.00446345  0.000128779  1.56574e-05 -7.87495e-06  -0.021331 -0.0114607 0.00099549 0.0188252 0.0112188  -9.80898 
                33.4 0.0649772 -0.338671  0.937519 0.00559168  0.0201961   0.015516    0.0629587    -0.118801 -0.000166761  -3.7008e-05 -0.000115028 -0.000326554 -0.00387593  -0.0014399    0.004982 0.000111883 -1.0418e-05 2.96075e-06  -0.0211757  -0.0114104 0.000961588 0.0187643 0.0111971  -9.80898 
                33.5 -0.176057 -0.214899   1.02886 0.00615656   0.018589  0.0150545    0.0627295    -0.118905 -0.000135779 -3.74891e-05 -0.000114168 -0.000328152 -0.000562374   0.00216554   0.00301575  0.000270166 -9.24551e-05 -5.73053e-05 -0.0212124 -0.0113126 0.00104037 0.0187765 0.0111558  -9.80898 
                33.6 0.0586915 -0.211102  0.974015 0.00583006   0.020499 0.00791623    0.0629948     -0.11894 -0.000166672 -3.49549e-05 -0.000119809 -0.000328465 -0.000582307    0.0033279   -0.0107759  0.000112933 -9.43996e-05 -2.04624e-05 -0.0211923 -0.0114089 0.00159283 0.0187602 0.0111744  -9.80898 
                33.7 0.0126264  -0.27709  0.899107 0.00328064  0.0214382 0.00613147    0.0630603    -0.118662 -0.000174063 -3.54263e-05 -0.000121801 -0.000328234 -0.00670503  0.00664123  -0.0121451  0.00014343 -4.9698e-05 2.95123e-05 -0.0210694 -0.0114342 0.00164664 0.0187107 0.0111792  -9.80898 
                33.8  0.0421285 -0.0617152   0.978478 0.00534042  0.0241533 0.00854726    0.0632368    -0.118923 -0.000181824 -3.93837e-05 -0.000120675 -0.000325387  0.00289353   0.0125804 -0.00527254  0.000122938 -0.000192412 -2.33149e-05 -0.0211908 -0.0115208 0.00137001 0.0187592 0.0112357  -9.80898 
                33.9   0.202613 -0.0449703   0.939532 0.00577717  0.0262573 0.00797568    0.0633564    -0.118922 -0.000185852 -3.94494e-05 -0.000120416 -0.000326959  0.00622247   0.0120347 -0.00525792  1.58225e-05 -0.000202322  2.67765e-06 -0.0211879 -0.0115726 0.00136831 0.0187572 0.0112565  -9.80898 
                  34  0.103439 -0.205192  0.959097 0.00766033   0.025882 0.00706999    0.0631756    -0.119083 -0.000172153 -4.02662e-05 -0.000120272 -0.000328121  0.00834686  0.00979424 -0.00613724   8.1499e-05 -9.36954e-05  -1.0579e-05 -0.0212584 -0.0114905 0.00140338 0.0187849  0.011223  -9.80898 
                34.1  0.106846 -0.373472  0.955945 0.0116117 0.0247446  0.006544    0.0629344    -0.119464 -0.000152512 -4.08814e-05 -0.000120085 -0.000335195  0.0114327  0.0055862 -0.0061504 7.90795e-05 1.87124e-05 -8.6826e-06 -0.0214299 -0.0113844 0.00140224 0.0188528 0.0111858  -9.80898 
                34.2 -0.00496484   -0.349536    0.892384 0.00825221  0.0222797 0.00749256    0.0625762    -0.118938 -0.000157448 -3.88478e-05 -0.000122858 -0.000333525 0.000618063  0.00301669 -0.00248224 0.000153228 2.96409e-06 3.34981e-05 -0.0212032 -0.0112322 0.00129133   0.01877 0.0111283  -9.80898 
                34.3 0.0753603 -0.273239  0.950169 0.00611473  0.0224461   0.008199    0.0625587    -0.118676 -0.000158952 -3.91958e-05  -0.00012234 -0.000333917   -0.0040605   0.00332199 -0.000376866  9.92001e-05  -4.7401e-05 -4.91138e-06 -0.0210887 -0.0112303 0.00121311 0.0187276 0.0111295  -9.80898 
                34.4  0.0878487 -0.0420165   0.913961 0.00481285  0.0222601  0.0105028    0.0624826     -0.11852 -0.000161272 -4.28888e-05 -0.000122141  -0.00033627 -0.0013673 0.00344128  0.0040658  9.11292e-05 -0.000197644  1.85639e-05 -0.0210222 -0.0112038 0.00103499 0.0187045 0.0111274  -9.80898 
                34.5   0.14906 -0.167052  0.975147 0.00688332  0.0230144  0.0123154   0.0625246    -0.11878 -0.00015664 -4.30068e-05 -0.000122574 -0.000335833 0.00336708 0.00368282 0.00678651  5.07161e-05 -0.000115467 -2.17043e-05 -0.0211369 -0.0112232 0.00092845 0.0187493 0.0111408  -9.80898 
                34.6   0.14523 -0.172162  0.933778 0.00653511  0.0230511  0.0136802    0.0624859    -0.118697 -0.000161212 -4.30287e-05 -0.000122495 -0.000335776 0.00283045 0.00299028 0.00807759  5.30795e-05 -0.000111699  5.40361e-06  -0.0211008  -0.0112083 0.000876798 0.0187362 0.0111372  -9.80898 
                34.7  0.232043 -0.378238  0.962126 0.00785976  0.0227277  0.0127112     0.062451     -0.11886 -0.000151508 -4.51692e-05 -0.000123627 -0.000337347  0.00127251 -0.00105947  0.00475253 -3.95044e-06  2.33956e-05 -1.36318e-05 -0.0211723 -0.0111878 0.00100729 0.0187607  0.011125  -9.80898 
                34.8 -0.0436644  -0.354407   0.974047 0.00754832  0.0218701  0.0111731    0.0623293    -0.118823 -0.000149397 -4.64312e-05 -0.000120275 -0.000338958 -0.00122514  0.00165859 0.000849647  0.000175631   7.6976e-06 -2.13288e-05 -0.0211551 -0.0111312 0.00115975 0.0187509 0.0110999  -9.80898 
                34.9  0.118858 -0.222855  0.954035 0.00637134  0.0228338  0.0107176    0.0624397     -0.11869 -0.000143738  -4.6553e-05 -0.000120096  -0.00033964  -0.00219724   0.00220545 -4.17647e-05  6.95846e-05 -7.77746e-05 -8.21551e-06 -0.0210944 -0.0111794 0.00119427 0.0187274 0.0111166  -9.80898 
                  35  0.169811 -0.298916  0.896981 0.00668934   0.023763 0.00822193    0.0625331    -0.118767 -0.000137824  -4.7073e-05 -0.000120436 -0.000339778  -0.0025944  0.00206922 -0.00474334 3.64656e-05 -2.8026e-05 2.87335e-05 -0.0211288 -0.0112173 0.00137502 0.0187398 0.0111282  -9.80898 
                35.1  0.100456 -0.232874  0.911263 0.00498126  0.0225596  0.0115433    0.0623641    -0.118614 -0.000137728 -4.85158e-05 -0.000121578 -0.000341198 -0.00549356       0.001  0.00229216  8.12216e-05 -7.10545e-05  1.94205e-05 -0.0210559 -0.0111474  0.0010983 0.0187113 0.0111049  -9.80898 
                35.2  0.106463 -0.265158  0.923658 0.00527055  0.0215946  0.0103523    0.0622544    -0.118703 -0.000137884 -4.86393e-05 -0.000121491 -0.000341182  -0.00462057  -0.00115339 -0.000527362  7.70674e-05 -4.98275e-05  1.12364e-05 -0.0210992 -0.0110947   0.001205 0.0187288 0.0110842  -9.80898 
                35.3  0.429347 -0.388927  0.935675 0.00534635  0.0254328 0.00866269    0.0627356    -0.118791 -0.000130186 -4.82913e-05 -0.000122679 -0.000350411  -0.00594119 -0.000918287  -0.00345201 -0.000133308  3.05869e-05  3.02059e-06 -0.0211381 -0.0113142 0.00131047 0.0187452  0.011166  -9.80898 
                35.4 0.0827165 -0.362408  0.852896 0.00870497  0.0213223 0.00979226    0.0622734    -0.119226 -8.38591e-05 -4.57878e-05 -0.000119937 -0.000356852   0.00108664  -0.00557406 -0.000861369 8.71851e-05 1.74684e-05 5.52112e-05 -0.0213446 -0.0110966  0.0012164 0.0188188 0.0110846  -9.80898 
                35.5 0.0887141 -0.383236  0.916026 0.00851508  0.0212908 0.00993395     0.062325    -0.119212 -8.60887e-05  -4.5653e-05 -0.000120046 -0.000356384 -0.00133842 -0.00392791  0.00152291 8.26121e-05 3.12815e-05 1.39389e-05 -0.0213377  -0.011121 0.00119871 0.0188161 0.0110936  -9.80898 
                35.6 0.217035 -0.35808 0.967583 0.00874374  0.0226567 0.00877661    0.0625241    -0.119252 -9.44738e-05 -4.47274e-05 -0.000120398 -0.000356775  -0.0017906 -0.00293836 -0.00080723 -1.27593e-06   1.5376e-05 -1.94678e-05 -0.0213588 -0.0112136  0.0012868 0.0188292  0.011129  -9.80898 
                35.7  0.323239 -0.381767  0.938899 0.00925399  0.0220252 0.00667788    0.0625152    -0.119336 -8.93804e-05 -4.46114e-05 -0.000121845 -0.000356332 -0.00223359 -0.00784959 -0.00437421 -6.97896e-05   3.2069e-05 -8.94725e-07 -0.0213984 -0.0112098 0.00142696   0.01885 0.0111296  -9.80898 
                35.8   0.330663 -0.0077878   0.952027   0.006443  0.0225718 0.00751317    0.0626666    -0.118993 -0.000115514 -4.83689e-05 -0.000120955 -0.000366221 -0.000721405  -0.00775367  -0.00176713 -7.48075e-05 -0.000210867 -8.08193e-06  -0.021242 -0.0112815 0.00133017 0.0187895 0.0111556  -9.80898 
                35.9  0.220993 -0.131679  0.969374 0.00443456  0.0222061 0.00988196    0.0627214    -0.118801 -0.000132056 -4.98944e-05 -0.000121895  -0.00036631 -0.00353181 -0.00701412  0.00308731 -3.81509e-06 -0.000129837 -1.97027e-05 -0.0211555 -0.0113033 0.00114803 0.0187487 0.0111568  -9.80898 
                  36 -0.0478002  -0.030494   0.924856 0.0028104 0.0218352 0.0106649    0.0627106    -0.118633 -0.000137165 -5.02103e-05  -0.00012277 -0.000367166 -0.00164347 -0.00136853  0.00401948  0.000169823 -0.000194388  9.21104e-06 -0.0210806  -0.011298 0.00111734 0.0187204 0.0111537  -9.80898 
                36.1  0.201952 -0.168605  0.950898 0.00311538  0.0230528  0.0105028    0.0628881    -0.118696 -0.000147191 -5.01139e-05 -0.000122544 -0.000367416 1.08998e-05 -0.00184845  0.00325773  7.66285e-06 -0.000103901 -7.76798e-06 -0.0211086 -0.0113781 0.00115314 0.0187326 0.0111843  -9.80898 
